CustomerID,Age,MembershipDuration,AvgMonthlySpend,NumPurchasesLast3Months,SupportTicketsRaised,DiscountUsageRate,LastPurchaseDaysAgo,Churned
C0001,56,17,189.05,2,3,43.64,95,0
C0002,69,44,387.53,3,2,65.48,69,1
C0003,46,56,174.29,4,1,70.03,114,1
C0004,32,28,514.01,4,2,86.31,104,0
C0005,60,29,412.37,5,2,18.05,108,0
C0006,25,21,181.37,8,3,95.15,89,1
C0007,38,47,353.62,5,1,5.91,21,1
C0008,56,16,287.18,6,1,98.38,131,1
C0009,36,37,447.88,3,0,85.78,176,1
C0010,40,59,601.07,4,2,66.03,10,0
C0011,28,20,118.72,5,4,73.5,87,0
C0012,28,6,417.25,6,1,7.27,170,1
C0013,41,19,375.98,7,3,4.15,91,1
C0014,70,57,500.7,5,1,10.18,174,0
C0015,53,5,431.98,2,1,8.74,137,0
C0016,57,3,287.2,6,2,54.74,123,0
C0017,41,59,352.14,4,2,21.54,177,1
C0018,20,1,280.6,2,0,86.02,4,0
C0019,39,58,561.4,4,3,44.57,90,0
C0020,70,60,403.2,2,1,69.55,96,1
C0021,19,38,685.18,3,3,65.29,29,1
C0022,41,15,390.9,4,3,31.99,86,1
C0023,61,34,293.74,7,2,24.32,47,0
C0024,47,35,172.94,5,2,34.25,77,1
C0025,55,49,129.53,5,1,79.67,87,0
C0026,19,25,162.38,7,2,58.63,31,1
C0027,38,24,440.07,9,2,25.35,51,0
C0028,50,12,476.31,7,2,81.78,169,1
C0029,29,18,162.82,6,1,5.48,36,0
C0030,39,15,534.26,6,1,69.92,168,0
C0031,61,44,327.54,9,2,43.91,95,0
C0032,42,16,422.02,2,1,73.13,15,1
C0033,66,27,641.83,3,4,92.75,78,0
C0034,44,8,534.53,9,2,75.0,158,1
C0035,59,60,359.72,3,3,44.2,158,1
C0036,45,46,266.32,8,1,15.1,155,0
C0037,33,25,77.23,5,0,80.64,40,1
C0038,32,17,292.13,4,2,46.07,45,1
C0039,64,29,368.33,9,1,7.53,175,1
C0040,68,53,251.92,2,3,71.91,90,1
C0041,61,8,380.31,5,3,29.19,56,1
C0042,69,15,411.53,10,0,4.89,54,0
C0043,20,27,366.27,5,0,90.28,85,1
C0044,54,46,302.5,4,0,48.31,9,1
C0045,68,50,425.3,7,5,28.1,118,1
C0046,24,52,466.29,3,4,71.64,65,1
C0047,38,7,236.44,6,3,88.59,108,0
C0048,26,3,611.64,3,1,0.03,129,1
C0049,56,29,385.21,3,1,68.79,141,0
C0050,35,44,402.83,4,2,76.7,38,1
C0051,21,53,506.23,1,1,20.99,173,0
C0052,42,24,434.98,2,0,48.96,105,1
C0053,31,60,542.97,4,1,8.93,40,1
C0054,67,58,443.07,5,1,74.67,143,1
C0055,26,3,308.13,8,0,84.75,178,0
C0056,43,20,454.23,7,2,10.82,130,0
C0057,70,46,228.44,7,3,81.65,154,1
C0058,19,15,416.28,2,2,77.16,75,1
C0059,37,25,395.02,6,6,34.69,33,0
C0060,45,30,368.78,8,2,69.03,85,1
C0061,64,14,380.72,6,2,0.0,59,1
C0062,24,7,117.72,4,5,93.18,95,0
C0063,61,17,317.69,4,2,55.04,26,0
C0064,25,44,413.93,4,1,62.03,103,1
C0065,64,20,423.98,1,1,66.47,21,0
C0066,52,36,245.85,6,2,56.14,177,1
C0067,31,9,589.86,8,0,85.68,80,1
C0068,34,38,270.07,7,3,60.97,71,1
C0069,53,48,545.42,7,3,90.78,66,0
C0070,67,57,464.08,6,1,58.23,37,0
C0071,57,60,303.07,6,1,17.11,14,0
C0072,21,22,666.3,4,3,91.36,108,1
C0073,19,54,220.95,3,3,68.16,135,1
C0074,23,53,537.87,6,1,69.92,166,0
C0075,59,53,550.09,3,1,98.55,173,1
C0076,21,2,299.41,10,3,7.52,150,0
C0077,46,24,608.87,5,3,42.86,172,0
C0078,35,8,362.49,6,0,23.91,81,1
C0079,43,11,443.3,6,1,63.04,80,0
C0080,61,13,439.05,4,3,80.68,103,0
C0081,51,17,379.85,6,1,96.63,35,1
C0082,27,8,521.62,5,3,45.46,102,1
C0083,53,21,519.02,3,0,78.62,131,1
C0084,31,18,137.72,2,1,91.71,118,1
C0085,48,30,595.65,3,3,68.33,95,1
C0086,65,18,150.63,2,0,24.27,55,1
C0087,32,46,554.88,8,3,60.79,9,1
C0088,25,47,569.01,7,0,97.0,69,0
C0089,31,31,236.36,4,1,98.76,28,0
C0090,40,38,338.38,3,2,64.24,143,1
C0091,57,32,234.14,3,0,88.7,113,0
C0092,38,11,367.76,6,0,20.03,31,1
C0093,33,45,353.79,5,0,24.61,59,1
C0094,62,25,516.95,1,1,95.29,82,0
C0095,35,33,596.55,8,2,13.52,54,1
C0096,64,60,609.35,9,1,19.11,175,1
C0097,70,38,315.67,4,1,42.05,42,0
C0098,41,41,368.62,7,0,58.96,23,1
C0099,43,8,147.48,3,0,60.38,109,0
C0100,42,11,279.12,7,2,29.2,86,1
C0101,62,22,544.73,5,2,92.06,65,0
C0102,58,51,642.34,6,4,91.51,89,1
C0103,46,24,214.85,8,0,39.21,54,1
C0104,32,41,311.13,2,5,43.43,118,1
C0105,62,17,396.04,4,3,70.25,105,1
C0106,18,12,442.02,9,2,66.3,11,0
C0107,42,57,278.56,4,3,38.23,63,0
C0108,24,46,463.61,4,1,41.42,22,0
C0109,26,32,328.92,3,1,34.8,117,1
C0110,41,15,397.83,4,2,23.54,164,1
C0111,18,16,481.94,4,3,45.81,58,0
C0112,61,54,400.96,6,1,68.64,20,0
C0113,25,22,334.54,7,2,74.2,144,0
C0114,41,28,383.56,3,2,77.89,93,0
C0115,28,20,386.75,6,1,37.47,50,0
C0116,68,33,344.5,8,3,76.46,90,1
C0117,34,10,361.18,7,3,0.65,104,0
C0118,25,40,639.8,3,3,47.7,127,0
C0119,52,32,484.14,4,5,79.39,113,1
C0120,52,50,355.68,6,2,63.0,74,1
C0121,50,60,504.54,8,0,47.41,13,0
C0122,22,33,349.93,3,2,64.46,15,0
C0123,59,2,575.97,4,1,90.69,73,0
C0124,56,33,455.45,3,0,56.64,27,0
C0125,58,33,383.9,8,2,79.98,136,1
C0126,45,41,467.16,1,2,98.07,178,1
C0127,24,13,164.37,3,2,70.56,88,0
C0128,26,30,230.98,7,3,57.33,154,1
C0129,25,33,220.91,5,0,3.75,36,0
C0130,29,13,421.44,9,3,37.45,149,0
C0131,51,52,659.88,5,0,56.54,52,1
C0132,50,26,734.7,4,1,79.72,139,0
C0133,65,22,495.71,5,3,43.81,8,0
C0134,40,39,475.13,7,0,96.01,57,0
C0135,41,2,129.84,3,1,27.18,110,0
C0136,54,38,318.6,6,0,74.46,174,1
C0137,52,39,281.83,7,0,41.9,130,1
C0138,61,26,306.87,4,1,48.6,64,1
C0139,57,46,374.78,4,3,80.25,180,1
C0140,39,58,329.19,4,1,29.62,11,1
C0141,44,50,103.11,3,1,9.68,134,1
C0142,52,15,512.19,4,4,52.03,96,0
C0143,18,34,239.09,2,2,52.88,76,0
C0144,52,42,435.89,7,1,79.72,64,0
C0145,54,55,711.11,6,1,96.83,101,0
C0146,64,44,262.09,7,0,5.53,93,0
C0147,31,49,50.0,5,3,59.17,44,0
C0148,20,40,357.1,4,1,68.13,142,1
C0149,18,11,565.14,5,4,98.58,83,0
C0150,22,3,693.75,4,2,94.26,133,1
C0151,43,59,215.57,7,2,71.25,99,0
C0152,31,6,474.5,5,3,52.18,25,1
C0153,56,9,330.2,6,1,16.15,178,0
C0154,44,6,384.11,5,3,38.42,102,1
C0155,26,9,796.65,2,0,58.51,73,1
C0156,32,39,174.55,4,6,72.52,122,1
C0157,32,31,438.06,4,3,63.54,71,1
C0158,43,32,470.15,6,0,71.41,117,0
C0159,59,41,562.87,11,1,42.92,82,0
C0160,30,50,414.7,6,1,72.76,130,0
C0161,68,12,446.21,8,1,14.37,116,1
C0162,49,8,341.25,5,2,16.26,10,0
C0163,56,8,440.37,3,0,16.28,130,0
C0164,66,50,348.52,5,1,89.09,60,1
C0165,69,28,493.24,1,2,7.6,45,0
C0166,49,20,344.56,8,1,80.15,136,1
C0167,21,47,456.57,6,5,23.36,119,1
C0168,47,59,395.61,4,4,46.84,7,1
C0169,54,7,568.91,7,2,91.6,72,1
C0170,40,11,392.29,1,1,58.59,21,0
C0171,56,20,134.05,7,3,21.01,97,1
C0172,62,16,589.29,3,2,28.41,47,0
C0173,32,4,264.14,9,2,92.04,1,0
C0174,60,6,301.94,4,2,42.71,140,0
C0175,46,58,310.65,2,6,58.7,176,0
C0176,53,22,606.17,4,1,45.99,128,0
C0177,30,26,79.65,6,0,37.84,94,0
C0178,49,3,870.66,2,0,22.33,132,1
C0179,24,41,558.41,1,0,68.62,34,1
C0180,68,60,433.49,7,2,71.82,87,1
C0181,39,42,391.77,7,4,27.49,32,1
C0182,45,14,442.83,6,1,78.9,3,1
C0183,19,11,478.17,8,0,85.45,68,0
C0184,59,18,496.78,7,2,92.07,57,1
C0185,62,54,483.34,5,0,16.12,114,0
C0186,70,12,413.44,6,0,30.39,152,0
C0187,23,23,370.4,6,2,86.04,33,1
C0188,45,12,377.31,7,0,19.85,131,0
C0189,45,13,370.76,6,1,0.35,132,0
C0190,61,25,570.07,3,1,87.08,30,0
C0191,61,45,489.03,3,3,32.64,70,1
C0192,37,51,50.0,1,1,41.45,49,0
C0193,47,58,498.39,5,2,44.63,30,1
C0194,28,19,429.21,3,3,84.83,82,1
C0195,45,55,397.19,9,1,33.79,144,0
C0196,42,46,341.72,8,2,89.23,134,1
C0197,56,36,568.62,4,2,61.69,24,1
C0198,50,45,542.13,2,0,52.73,115,1
C0199,18,8,284.07,3,4,32.56,92,1
C0200,44,29,461.06,2,3,24.37,156,1
C0201,69,55,254.25,4,3,62.41,21,1
C0202,30,53,193.06,4,2,44.69,8,0
C0203,58,55,305.99,5,3,91.05,36,0
C0204,20,32,529.36,8,1,49.16,124,0
C0205,56,51,542.97,6,1,51.18,9,0
C0206,23,44,476.96,3,1,41.67,40,0
C0207,25,18,508.76,5,3,78.93,179,1
C0208,44,6,477.43,6,2,42.48,129,1
C0209,26,18,303.78,3,2,26.93,117,1
C0210,54,19,464.79,8,4,86.2,68,0
C0211,50,22,520.06,8,3,59.68,154,1
C0212,68,37,513.14,5,1,59.15,168,1
C0213,59,32,578.34,4,1,61.08,3,0
C0214,61,56,506.25,2,2,71.88,108,1
C0215,41,41,452.72,6,1,31.31,122,1
C0216,32,59,560.52,5,1,3.38,9,1
C0217,49,3,396.02,6,1,81.06,160,0
C0218,49,28,267.72,7,0,12.89,4,1
C0219,41,10,375.54,3,1,72.18,6,1
C0220,58,51,288.26,9,2,8.23,73,1
C0221,69,35,298.72,2,2,37.53,26,1
C0222,66,29,378.32,0,2,6.3,130,0
C0223,66,54,281.14,6,1,52.22,114,0
C0224,69,15,353.81,4,4,65.31,85,1
C0225,29,33,115.96,6,2,17.14,86,1
C0226,56,7,431.99,4,1,37.16,131,1
C0227,19,12,400.18,5,0,93.02,35,1
C0228,20,49,277.44,2,1,44.24,114,0
C0229,66,30,498.89,5,0,80.25,59,0
C0230,54,21,540.64,4,1,92.72,38,0
C0231,66,31,158.87,3,1,97.43,33,0
C0232,34,58,285.59,5,3,89.83,121,1
C0233,66,24,284.63,3,2,31.74,143,1
C0234,19,20,259.01,3,2,96.26,100,1
C0235,19,37,524.42,4,0,81.24,142,1
C0236,45,4,370.93,8,1,83.72,45,1
C0237,40,28,360.32,5,2,1.52,48,0
C0238,54,44,99.42,4,1,95.42,172,1
C0239,49,20,495.31,4,1,77.81,118,1
C0240,50,60,214.11,4,1,76.8,165,0
C0241,18,24,408.99,4,1,8.15,29,0
C0242,36,50,441.61,7,1,23.26,84,1
C0243,19,49,604.1,8,1,96.23,162,1
C0244,70,51,203.68,7,0,50.07,113,1
C0245,61,32,50.0,3,3,39.79,117,0
C0246,43,41,427.58,6,2,83.99,43,1
C0247,49,36,670.08,6,2,8.73,161,1
C0248,23,58,585.84,4,3,41.69,19,1
C0249,49,53,431.45,6,1,37.57,8,0
C0250,21,34,326.25,9,1,34.99,159,0
C0251,28,36,521.07,6,3,30.77,11,1
C0252,34,2,253.97,4,1,21.01,8,0
C0253,55,15,471.45,6,5,17.29,153,0
C0254,41,34,475.82,7,0,64.04,113,1
C0255,22,36,559.03,4,1,91.94,148,0
C0256,69,6,813.95,3,1,50.89,38,0
C0257,51,39,458.86,4,2,29.8,135,1
C0258,23,42,323.66,5,2,15.92,117,0
C0259,39,51,396.16,3,1,83.01,167,0
C0260,28,51,134.64,5,1,97.15,74,1
C0261,65,58,295.79,3,3,34.92,72,0
C0262,33,54,338.61,5,1,29.1,106,1
C0263,50,12,321.39,5,5,60.15,118,0
C0264,26,3,422.85,5,1,77.53,20,0
C0265,23,45,276.64,6,3,45.54,11,0
C0266,33,18,568.15,6,3,63.01,144,0
C0267,46,40,400.03,6,1,71.65,42,1
C0268,20,21,398.6,5,1,96.06,90,0
C0269,37,15,350.82,7,1,16.5,52,1
C0270,53,33,423.28,3,1,99.74,165,1
C0271,36,35,523.76,5,2,39.22,52,1
C0272,43,26,269.93,7,3,72.32,137,1
C0273,20,8,301.28,2,2,57.24,163,1
C0274,36,36,354.44,8,0,48.67,95,0
C0275,37,48,198.12,4,0,69.81,135,1
C0276,49,30,277.11,2,0,39.58,2,0
C0277,24,23,328.57,5,4,12.61,25,0
C0278,69,42,531.16,5,0,48.89,76,0
C0279,58,44,439.38,4,0,52.19,94,0
C0280,50,14,429.04,6,1,20.19,94,1
C0281,57,14,527.63,8,3,93.56,41,0
C0282,56,2,379.39,4,2,22.75,180,1
C0283,35,55,458.57,3,1,40.92,87,0
C0284,57,37,384.52,6,0,15.49,81,0
C0285,18,5,439.8,4,1,53.58,124,1
C0286,28,38,312.59,2,2,30.76,77,0
C0287,45,45,50.0,3,1,48.93,38,0
C0288,42,41,379.86,1,1,22.46,42,0
C0289,67,54,613.41,9,2,5.38,78,1
C0290,40,60,538.93,5,1,77.92,64,1
C0291,48,47,544.81,3,1,64.11,132,1
C0292,47,14,585.42,4,0,34.07,159,1
C0293,59,56,413.3,3,2,4.75,125,1
C0294,52,39,429.6,4,0,86.56,141,1
C0295,24,25,307.35,6,3,16.98,27,0
C0296,33,20,352.59,4,1,93.07,59,0
C0297,43,2,492.37,2,1,47.86,65,1
C0298,65,39,580.58,6,2,34.04,25,1
C0299,69,6,379.08,3,0,74.18,37,0
C0300,66,17,332.47,6,3,87.68,124,0
C0301,19,59,400.08,2,2,37.07,71,1
C0302,18,25,490.18,8,4,40.73,142,0
C0303,65,57,183.42,3,1,43.32,94,1
C0304,29,28,55.57,6,1,92.23,152,0
C0305,22,2,317.42,4,2,69.26,67,1
C0306,54,35,216.89,5,2,24.76,176,1
C0307,49,37,323.78,6,1,18.5,103,0
C0308,26,5,377.83,1,2,23.04,91,0
C0309,58,1,332.01,5,1,26.36,166,0
C0310,52,40,617.87,7,1,23.02,90,0
C0311,36,12,449.01,6,1,65.85,70,1
C0312,65,56,445.07,6,4,11.59,59,0
C0313,33,36,493.33,7,3,38.74,12,0
C0314,20,45,229.18,4,2,62.51,51,1
C0315,37,23,555.87,3,4,29.09,166,1
C0316,41,47,388.64,8,2,6.53,174,0
C0317,50,31,500.57,4,3,8.18,10,0
C0318,41,11,239.22,5,3,12.6,9,1
C0319,69,10,166.94,5,3,83.58,87,1
C0320,28,3,522.68,3,4,65.79,94,0
C0321,66,54,456.46,9,1,6.45,52,1
C0322,25,14,264.69,8,3,39.11,179,1
C0323,53,16,269.55,6,1,27.86,22,0
C0324,55,10,568.82,3,4,57.8,73,0
C0325,57,29,221.59,5,0,52.28,83,0
C0326,37,10,646.4,5,4,48.11,72,0
C0327,52,12,264.91,5,4,31.45,118,1
C0328,65,30,495.76,3,2,13.78,68,1
C0329,42,41,350.71,7,0,74.24,5,0
C0330,52,1,490.48,3,0,87.99,83,0
C0331,42,5,318.38,0,2,94.42,121,1
C0332,46,20,375.58,6,0,5.86,157,1
C0333,35,8,406.14,6,2,73.99,6,1
C0334,63,43,249.67,4,2,72.65,69,0
C0335,35,12,511.12,5,1,94.71,58,1
C0336,19,1,323.02,9,1,25.29,43,1
C0337,52,57,365.71,5,0,74.22,72,1
C0338,33,54,250.85,4,2,5.46,91,0
C0339,58,20,50.0,3,0,63.12,37,0
C0340,53,28,371.35,6,2,35.08,58,0
C0341,50,57,761.89,2,1,76.89,127,1
C0342,21,43,517.69,6,1,86.33,37,1
C0343,50,37,397.11,6,1,36.48,154,1
C0344,31,47,360.57,6,1,52.56,170,0
C0345,38,37,403.37,5,1,11.74,16,0
C0346,65,12,482.07,3,2,41.69,150,0
C0347,37,37,222.88,4,2,36.08,110,1
C0348,25,49,567.15,4,2,18.31,151,1
C0349,24,49,507.31,5,0,89.45,175,1
C0350,20,56,507.73,4,4,14.81,131,1
C0351,34,44,465.77,4,3,63.57,12,0
C0352,50,56,402.94,5,2,89.01,23,0
C0353,65,28,500.93,5,2,91.2,111,1
C0354,29,47,488.77,5,0,79.32,139,0
C0355,68,15,346.89,7,0,17.61,52,0
C0356,39,6,313.96,3,2,81.74,178,0
C0357,39,44,415.28,2,1,27.66,127,1
C0358,63,59,632.35,4,0,92.24,174,1
C0359,47,20,214.13,4,2,70.91,29,0
C0360,55,50,179.87,6,3,78.53,121,1
C0361,55,14,424.71,3,1,8.5,174,1
C0362,62,2,407.63,5,1,58.28,144,1
C0363,68,9,426.0,5,1,82.11,179,1
C0364,25,37,436.59,5,1,86.16,101,0
C0365,44,20,366.52,5,2,2.86,11,1
C0366,44,26,623.48,3,3,93.92,139,0
C0367,51,29,159.86,10,2,4.33,89,0
C0368,38,1,275.73,5,1,61.45,58,1
C0369,47,55,384.51,4,2,69.34,19,0
C0370,50,35,153.52,4,2,10.73,160,1
C0371,45,6,373.62,7,0,4.8,50,1
C0372,64,37,649.22,3,1,78.49,122,1
C0373,50,53,403.13,6,3,38.47,72,1
C0374,22,59,434.61,2,2,10.71,55,0
C0375,65,5,210.98,4,3,76.27,169,1
C0376,36,33,307.55,4,2,84.92,99,0
C0377,21,49,343.72,4,0,58.74,70,0
C0378,52,51,352.34,8,1,16.12,149,1
C0379,66,14,592.25,5,4,1.52,117,1
C0380,34,12,483.65,8,2,70.08,26,0
C0381,61,42,233.28,5,2,55.01,129,1
C0382,45,20,436.98,7,1,65.08,155,0
C0383,47,53,474.73,8,0,81.32,178,1
C0384,46,50,571.02,3,3,43.42,114,0
C0385,63,24,637.08,4,1,12.45,65,1
C0386,70,59,247.74,6,1,94.0,10,0
C0387,23,43,278.37,4,2,54.53,95,0
C0388,52,34,211.36,4,0,61.53,121,1
C0389,58,25,364.9,6,3,93.34,126,1
C0390,54,50,469.95,2,0,93.16,37,1
C0391,41,29,548.1,4,2,57.21,69,1
C0392,46,57,388.61,2,1,29.76,41,1
C0393,66,39,352.02,8,2,99.71,174,1
C0394,63,31,422.76,7,2,68.08,45,0
C0395,70,56,274.73,2,1,40.84,123,1
C0396,48,47,713.43,5,0,55.98,126,0
C0397,52,43,158.85,6,2,41.58,27,0
C0398,50,50,427.71,7,0,88.83,84,0
C0399,69,23,703.54,7,2,48.25,136,1
C0400,38,44,401.02,7,2,82.35,49,1
C0401,49,38,371.49,6,2,84.02,96,0
C0402,40,20,346.38,5,2,82.43,121,1
C0403,50,23,372.94,5,0,72.22,114,0
C0404,20,45,605.93,8,0,85.49,14,0
C0405,35,52,68.22,7,2,38.72,62,1
C0406,42,16,630.02,4,1,11.47,43,0
C0407,59,50,186.41,5,1,84.25,155,0
C0408,48,42,360.0,8,3,49.82,96,1
C0409,20,60,335.61,5,2,12.74,27,1
C0410,57,55,488.28,2,3,11.53,68,1
C0411,63,8,160.28,3,2,15.92,127,1
C0412,41,50,469.33,7,2,75.1,48,0
C0413,67,21,703.65,3,1,71.09,67,1
C0414,49,1,195.52,8,0,20.38,25,0
C0415,64,55,428.46,1,1,84.69,119,1
C0416,39,8,300.7,5,2,28.13,152,0
C0417,40,29,463.88,3,3,79.3,9,0
C0418,19,32,402.87,5,2,48.88,136,0
C0419,44,38,303.78,5,3,73.15,95,1
C0420,59,5,473.18,2,1,38.14,59,0
C0421,19,47,670.65,7,1,34.71,17,0
C0422,43,22,371.36,2,1,84.14,171,1
C0423,34,47,507.96,4,2,3.53,95,0
C0424,57,34,206.01,5,0,97.47,132,0
C0425,50,1,256.53,4,1,64.82,101,1
C0426,26,55,470.86,4,0,43.25,136,1
C0427,60,55,622.62,5,3,62.81,42,0
C0428,65,26,453.34,4,1,12.27,49,1
C0429,56,43,353.04,4,2,51.41,6,0
C0430,46,10,399.89,5,1,98.51,73,1
C0431,59,30,212.44,7,0,23.53,170,1
C0432,43,50,490.68,6,2,72.23,32,0
C0433,52,18,532.35,6,0,43.5,143,1
C0434,67,17,332.19,8,0,65.25,82,0
C0435,42,26,329.49,5,1,20.49,69,0
C0436,41,8,439.88,2,1,47.05,114,1
C0437,30,47,334.49,4,3,98.01,27,0
C0438,24,40,390.08,6,0,19.53,66,0
C0439,53,49,714.96,3,3,63.64,156,1
C0440,62,12,362.95,3,1,57.56,152,1
C0441,37,27,346.25,5,3,56.51,51,0
C0442,18,8,302.87,5,2,61.51,149,0
C0443,25,25,511.63,6,3,50.22,159,0
C0444,63,46,372.82,2,2,1.69,75,1
C0445,33,4,302.59,6,1,90.01,50,1
C0446,31,33,598.2,4,1,82.7,92,0
C0447,29,1,612.94,3,0,17.42,112,0
C0448,68,19,309.94,4,1,41.33,168,1
C0449,40,31,120.02,2,1,77.05,68,1
C0450,32,16,551.13,6,3,98.01,106,0
C0451,45,14,297.31,8,1,95.11,144,0
C0452,51,53,518.59,5,1,89.94,76,0
C0453,19,48,104.48,6,1,15.84,86,0
C0454,49,5,533.89,5,3,91.45,107,0
C0455,40,41,218.32,5,1,87.84,56,1
C0456,39,26,509.61,6,3,37.69,80,0
C0457,68,28,402.14,4,3,39.45,24,1
C0458,42,2,256.91,4,1,45.99,28,1
C0459,39,50,338.94,5,2,65.62,121,1
C0460,39,6,502.95,5,0,26.08,93,0
C0461,66,9,415.88,4,2,2.29,85,0
C0462,69,33,487.66,4,2,14.12,112,0
C0463,59,41,696.47,7,2,44.01,122,1
C0464,23,25,165.36,5,0,28.2,89,1
C0465,32,48,642.58,4,0,76.45,31,1
C0466,60,13,415.65,3,2,10.67,143,1
C0467,54,9,265.18,9,0,91.75,111,0
C0468,50,53,200.45,6,2,89.53,42,1
C0469,25,13,371.63,6,1,90.88,102,0
C0470,70,31,538.25,4,3,73.96,50,0
C0471,61,41,380.87,7,1,10.7,124,0
C0472,61,11,626.67,6,0,43.81,133,0
C0473,22,4,182.32,6,3,13.14,176,0
C0474,56,34,398.19,2,1,98.77,13,1
C0475,21,38,212.14,6,3,33.3,32,1
C0476,23,46,454.54,4,3,58.53,79,1
C0477,62,4,533.03,7,2,77.94,91,1
C0478,49,38,336.89,8,1,92.06,158,1
C0479,69,19,50.0,6,2,75.55,6,0
C0480,47,6,429.84,3,2,67.45,25,0
C0481,64,34,465.51,4,3,46.6,156,0
C0482,52,18,460.64,5,1,60.54,150,1
C0483,57,13,585.37,3,2,9.42,68,0
C0484,69,41,239.34,5,1,88.39,143,0
C0485,33,23,502.03,8,3,54.38,26,1
C0486,30,19,578.88,8,1,4.01,18,0
C0487,67,45,133.21,5,0,91.99,73,0
C0488,59,11,447.95,5,1,48.93,62,1
C0489,47,1,324.37,8,2,86.86,68,0
C0490,36,24,387.77,5,1,85.69,48,0
C0491,34,54,452.15,4,2,81.58,178,1
C0492,36,7,326.92,3,0,6.14,63,0
C0493,45,25,298.64,7,1,24.71,134,0
C0494,43,21,405.12,4,2,87.55,51,1
C0495,54,15,236.91,4,2,89.9,12,1
C0496,43,1,237.13,5,2,45.81,175,1
C0497,70,12,501.91,3,3,44.0,126,0
C0498,40,58,227.68,5,4,17.51,9,1
C0499,26,7,499.95,4,3,96.84,7,0
C0500,29,15,469.39,6,2,21.31,157,1
C0501,70,21,141.13,5,0,19.09,179,1
C0502,18,19,298.37,5,4,66.07,150,1
C0503,18,60,579.12,2,3,24.28,146,0
C0504,64,29,252.83,5,0,93.88,58,1
C0505,51,25,330.34,3,1,1.09,40,1
C0506,49,33,469.31,3,4,0.58,89,1
C0507,65,49,517.51,5,4,50.49,31,1
C0508,42,32,362.27,4,1,48.81,163,1
C0509,57,49,310.37,3,4,16.34,26,0
C0510,62,35,613.36,4,3,49.45,106,1
C0511,70,44,660.83,2,0,41.17,84,1
C0512,18,38,546.83,6,3,89.03,162,1
C0513,33,26,412.8,7,0,0.93,76,0
C0514,56,11,278.76,3,1,97.63,144,1
C0515,22,35,275.43,5,3,62.44,123,0
C0516,39,8,478.38,4,3,15.18,42,1
C0517,46,46,462.76,6,1,4.68,133,1
C0518,20,14,610.24,6,5,53.81,61,0
C0519,29,10,497.57,2,7,23.49,44,1
C0520,43,2,174.54,2,2,30.12,35,1
C0521,33,46,557.79,5,0,24.51,108,1
C0522,68,9,250.29,2,1,65.02,91,1
C0523,54,3,342.4,7,4,55.35,128,0
C0524,39,21,437.53,4,1,7.8,1,0
C0525,46,26,699.35,5,1,52.65,43,0
C0526,31,8,866.49,7,2,79.12,32,0
C0527,45,48,491.01,5,1,8.12,103,1
C0528,22,2,372.52,7,1,88.97,33,0
C0529,64,6,480.18,1,2,57.83,95,0
C0530,66,28,533.15,3,0,95.06,109,1
C0531,47,53,351.9,4,1,14.81,66,1
C0532,63,29,669.28,9,0,99.36,30,0
C0533,69,26,434.51,4,2,64.43,10,0
C0534,22,25,474.66,5,1,56.75,23,0
C0535,29,12,499.89,6,0,51.53,97,0
C0536,33,5,463.24,6,1,2.37,39,1
C0537,43,34,525.84,3,0,93.96,173,1
C0538,43,48,307.41,3,1,64.4,123,0
C0539,65,37,316.25,5,0,9.16,157,1
C0540,38,15,234.98,7,4,2.1,158,1
C0541,56,44,465.93,6,3,5.08,162,1
C0542,53,36,516.84,6,0,60.94,180,1
C0543,50,15,468.67,4,4,61.4,103,0
C0544,47,43,651.17,7,1,49.97,22,0
C0545,54,48,399.16,4,1,30.68,5,1
C0546,40,23,500.31,8,3,53.17,139,0
C0547,27,6,236.24,5,2,51.63,160,0
C0548,22,46,341.94,5,1,1.94,152,0
C0549,53,50,504.33,4,0,28.25,139,0
C0550,51,44,527.37,5,2,5.32,139,1
C0551,69,59,355.9,2,4,90.02,145,1
C0552,48,43,389.26,3,0,72.52,160,1
C0553,27,45,172.32,7,1,99.61,83,1
C0554,36,21,346.45,5,1,30.22,155,1
C0555,49,23,533.56,6,2,87.85,32,0
C0556,18,43,486.28,7,4,60.31,61,0
C0557,22,55,475.1,2,2,45.31,25,1
C0558,62,16,407.47,7,1,22.26,64,0
C0559,21,47,401.06,5,1,73.84,156,1
C0560,33,53,300.95,5,0,90.41,168,1
C0561,41,60,504.82,7,2,23.53,91,0
C0562,33,15,463.15,6,2,17.54,142,1
C0563,19,25,473.8,5,1,69.62,42,1
C0564,66,36,321.09,0,0,97.7,39,1
C0565,45,11,77.0,7,0,75.0,2,1
C0566,49,51,564.57,5,1,28.46,81,0
C0567,44,15,328.17,5,0,42.0,1,1
C0568,37,4,270.58,6,1,38.43,109,1
C0569,41,21,504.02,8,3,85.21,160,1
C0570,29,13,341.2,4,1,77.14,125,1
C0571,67,22,558.99,6,3,58.9,64,0
C0572,52,19,492.55,4,4,27.5,159,0
C0573,50,34,502.54,1,0,93.8,82,0
C0574,50,14,195.11,3,1,65.33,78,1
C0575,68,4,581.79,4,3,97.05,111,1
C0576,60,48,439.19,5,0,58.01,142,0
C0577,54,53,344.61,4,0,82.12,16,0
C0578,29,52,421.51,5,2,81.31,54,0
C0579,20,46,133.56,2,1,33.73,141,1
C0580,18,27,461.3,2,0,96.4,124,1
C0581,50,29,245.59,5,2,2.19,80,0
C0582,57,47,197.1,5,2,76.87,79,1
C0583,27,28,171.65,5,3,96.56,159,1
C0584,60,35,566.9,6,1,33.89,149,0
C0585,61,8,305.61,4,2,64.81,127,1
C0586,46,16,630.06,9,0,56.22,158,1
C0587,30,42,319.63,7,1,76.15,23,1
C0588,29,36,143.9,2,0,86.62,38,0
C0589,48,30,232.52,3,0,60.3,157,1
C0590,63,18,585.37,4,1,81.59,77,1
C0591,19,2,376.62,6,1,31.23,32,0
C0592,68,49,317.76,7,0,22.86,112,1
C0593,67,13,424.0,4,1,43.07,106,0
C0594,52,4,475.27,5,0,67.77,91,0
C0595,40,26,567.61,5,1,18.72,98,0
C0596,34,25,617.27,3,0,68.04,45,1
C0597,43,30,346.03,3,0,39.41,49,1
C0598,25,11,201.09,7,0,79.56,161,1
C0599,46,7,337.98,3,3,3.68,4,0
C0600,43,31,439.04,8,0,66.8,146,1
C0601,27,44,255.44,8,2,64.98,64,1
C0602,43,10,256.43,5,1,94.09,156,1
C0603,51,39,451.57,5,0,71.34,108,1
C0604,68,13,392.7,3,4,79.63,121,1
C0605,58,31,404.92,3,0,90.46,90,1
C0606,24,7,286.23,6,1,67.51,56,1
C0607,21,56,365.44,5,2,29.02,20,1
C0608,70,49,261.37,4,2,86.98,77,1
C0609,67,42,533.53,6,1,74.76,162,1
C0610,62,42,555.29,3,2,42.44,87,0
C0611,28,56,123.07,12,0,71.05,138,0
C0612,46,36,260.57,1,3,86.77,115,1
C0613,53,20,175.52,6,2,97.57,94,1
C0614,42,4,302.5,1,2,95.24,150,1
C0615,38,54,387.48,6,3,32.53,133,1
C0616,53,7,182.55,1,1,42.17,172,1
C0617,27,54,261.72,4,2,10.95,114,1
C0618,54,1,249.41,3,0,24.75,9,0
C0619,26,44,431.09,3,3,88.24,43,1
C0620,41,56,410.4,5,2,36.08,4,1
C0621,52,45,291.74,5,2,62.06,170,1
C0622,66,42,426.52,5,0,66.6,65,0
C0623,52,47,318.0,9,2,78.18,98,1
C0624,65,59,359.25,3,2,18.28,169,1
C0625,53,13,651.02,3,1,30.48,55,0
C0626,35,55,601.07,6,1,44.83,146,0
C0627,66,22,205.06,6,1,36.48,144,1
C0628,56,54,524.46,3,1,98.29,87,0
C0629,49,21,521.71,7,0,83.49,174,1
C0630,41,22,227.76,4,3,47.97,164,1
C0631,40,28,522.82,1,1,87.93,90,1
C0632,49,9,630.69,7,2,34.77,44,1
C0633,54,26,231.62,7,1,78.58,5,0
C0634,29,9,262.37,2,3,22.37,29,1
C0635,66,15,552.65,5,5,77.23,126,1
C0636,30,10,440.72,6,2,45.65,4,1
C0637,40,24,482.72,9,1,10.75,99,1
C0638,42,58,451.09,3,1,27.33,49,1
C0639,52,57,458.6,4,1,40.23,85,1
C0640,58,42,201.03,10,0,74.93,136,1
C0641,47,8,557.1,4,0,7.3,122,1
C0642,34,24,575.44,4,2,65.95,180,1
C0643,66,16,365.59,4,1,71.6,116,1
C0644,37,49,393.48,7,2,65.39,149,1
C0645,65,26,170.33,8,5,76.07,155,1
C0646,42,27,477.14,6,4,17.82,166,1
C0647,39,37,485.81,6,0,58.71,133,0
C0648,30,4,390.67,3,0,94.11,85,0
C0649,36,50,568.65,5,2,61.08,61,0
C0650,66,24,349.89,6,2,61.13,136,0
C0651,53,19,484.69,2,2,73.64,86,1
C0652,29,36,247.05,8,1,33.32,18,1
C0653,58,60,396.47,5,1,70.05,132,0
C0654,36,39,373.85,4,2,91.62,4,0
C0655,29,10,433.8,4,1,1.09,165,1
C0656,26,25,344.57,2,4,87.01,127,1
C0657,24,18,380.28,5,0,21.86,143,1
C0658,45,19,523.91,5,3,45.59,166,1
C0659,31,36,334.49,4,6,85.23,155,0
C0660,48,10,159.01,2,4,82.39,48,0
C0661,69,33,662.44,4,2,89.19,46,0
C0662,36,55,607.22,4,2,94.04,46,1
C0663,64,50,206.16,1,1,44.72,48,1
C0664,33,5,503.46,8,2,65.64,120,1
C0665,70,47,324.55,4,2,39.05,132,1
C0666,22,49,439.52,10,2,35.07,19,1
C0667,52,35,444.13,6,2,43.16,19,1
C0668,29,44,364.84,3,2,74.31,42,0
C0669,42,34,282.44,6,0,50.14,92,1
C0670,69,33,296.42,4,1,81.41,5,0
C0671,38,55,262.57,3,0,74.52,48,1
C0672,53,21,275.23,2,1,2.05,153,1
C0673,70,17,389.92,3,2,63.02,26,1
C0674,40,22,292.64,5,1,43.66,74,0
C0675,33,48,502.31,3,1,45.66,109,0
C0676,56,37,623.09,4,2,81.84,135,0
C0677,62,15,312.99,3,2,54.76,172,0
C0678,70,35,435.91,6,2,88.56,87,0
C0679,59,28,474.95,5,0,71.28,155,0
C0680,56,7,470.8,5,1,55.28,170,1
C0681,31,32,411.39,4,2,75.45,73,1
C0682,48,11,511.4,4,3,3.83,56,1
C0683,22,10,472.34,6,1,2.71,131,1
C0684,52,9,214.35,4,3,8.33,126,0
C0685,40,14,530.37,6,2,43.76,141,1
C0686,46,13,533.09,4,0,23.55,59,1
C0687,60,57,285.51,5,2,98.43,38,1
C0688,28,25,405.69,5,1,54.23,85,1
C0689,35,2,502.5,4,2,66.24,83,1
C0690,64,35,368.6,5,2,27.88,86,1
C0691,29,7,560.95,3,0,32.18,1,0
C0692,26,21,754.58,4,0,33.55,178,1
C0693,27,18,282.1,6,2,69.87,137,1
C0694,61,3,192.84,6,2,47.37,128,1
C0695,34,42,445.57,1,2,51.77,53,0
C0696,55,54,508.23,3,2,59.2,88,1
C0697,24,39,365.37,4,4,76.88,138,1
C0698,63,41,617.99,6,1,9.04,84,1
C0699,30,49,199.21,4,1,77.69,77,1
C0700,57,11,503.94,3,1,56.32,29,1
C0701,59,39,309.12,14,3,66.91,36,0
C0702,26,24,657.91,5,0,32.76,27,1
C0703,67,60,698.88,4,2,40.94,146,1
C0704,44,46,285.0,5,0,23.12,18,1
C0705,19,19,317.57,5,1,97.93,118,0
C0706,22,4,528.94,7,2,49.7,137,1
C0707,46,26,341.93,7,2,99.61,67,0
C0708,54,38,393.19,7,4,48.98,135,0
C0709,55,42,403.81,2,2,21.98,58,1
C0710,36,32,112.05,5,1,50.75,30,0
C0711,25,39,397.92,3,3,3.96,73,1
C0712,65,45,296.54,7,2,90.48,123,1
C0713,62,46,326.03,2,4,81.86,82,0
C0714,18,36,616.54,6,0,72.58,17,0
C0715,39,40,211.52,4,1,60.98,134,0
C0716,69,37,521.98,8,4,57.98,39,1
C0717,34,33,358.16,5,0,99.67,153,0
C0718,24,36,358.04,1,1,27.8,170,1
C0719,42,3,518.56,2,1,77.97,170,1
C0720,62,9,451.01,3,3,58.14,59,0
C0721,21,8,485.59,6,1,97.59,102,0
C0722,53,33,545.23,8,1,82.78,38,0
C0723,23,59,350.3,4,2,99.85,159,0
C0724,48,6,308.16,3,3,58.83,157,1
C0725,36,41,237.23,6,0,20.45,104,1
C0726,61,39,276.19,6,1,50.37,9,1
C0727,56,4,842.36,8,3,71.11,1,1
C0728,44,13,586.7,6,0,77.44,102,1
C0729,27,49,197.34,6,1,0.05,87,1
C0730,43,60,201.63,5,1,50.5,123,1
C0731,36,2,472.28,4,0,23.52,47,0
C0732,56,60,482.09,5,1,87.49,76,1
C0733,20,5,482.33,5,2,15.29,10,1
C0734,62,44,361.76,6,3,66.65,144,1
C0735,30,27,381.18,11,2,26.61,175,1
C0736,67,32,449.18,8,3,35.65,43,0
C0737,45,21,412.88,7,0,94.06,152,1
C0738,37,8,67.1,7,2,24.04,136,1
C0739,45,38,365.53,4,3,9.5,75,0
C0740,25,8,272.29,8,0,6.93,105,0
C0741,58,50,426.28,6,3,50.46,26,0
C0742,56,3,847.79,2,2,64.17,7,0
C0743,18,54,455.12,4,2,32.73,79,1
C0744,20,44,352.97,0,5,69.03,15,0
C0745,30,58,538.27,6,2,6.1,176,1
C0746,45,3,472.4,0,1,85.73,131,1
C0747,66,22,463.01,7,2,81.66,144,1
C0748,42,6,491.03,9,6,98.55,89,0
C0749,50,2,708.48,7,1,93.65,97,1
C0750,55,23,230.37,2,2,35.62,142,0
C0751,70,44,471.04,4,0,39.93,3,1
C0752,23,2,261.04,8,5,74.6,73,1
C0753,61,38,483.33,5,3,13.41,31,0
C0754,62,17,262.2,5,5,31.4,119,1
C0755,49,35,337.39,6,2,11.85,75,0
C0756,62,34,355.74,2,0,45.49,17,1
C0757,64,23,546.37,4,0,55.2,177,1
C0758,38,30,537.77,7,1,21.12,3,0
C0759,33,52,213.14,3,1,2.66,123,1
C0760,38,8,408.24,6,3,71.94,55,0
C0761,28,22,293.56,2,1,2.0,111,1
C0762,54,44,211.22,8,2,97.34,100,1
C0763,53,58,367.45,10,3,22.16,40,1
C0764,52,36,353.73,5,1,66.39,122,0
C0765,36,5,764.01,4,1,43.48,40,1
C0766,37,13,464.94,4,4,5.97,30,1
C0767,35,29,193.36,8,2,47.22,25,0
C0768,64,31,315.28,9,2,51.68,7,0
C0769,58,47,553.21,7,2,85.47,92,0
C0770,66,57,713.27,7,3,73.23,105,1
C0771,31,55,162.1,3,1,7.93,178,1
C0772,32,16,118.01,8,0,20.92,123,0
C0773,48,42,680.64,7,0,31.19,81,1
C0774,18,30,458.44,2,4,11.64,96,0
C0775,70,57,269.76,5,2,45.69,1,0
C0776,20,55,480.19,7,2,98.43,91,1
C0777,33,16,50.0,6,1,51.46,172,0
C0778,40,12,400.51,1,2,74.19,177,1
C0779,28,17,449.17,3,1,68.29,7,0
C0780,29,16,538.64,4,1,84.99,120,1
C0781,27,12,247.92,4,1,21.57,131,0
C0782,49,8,412.85,3,1,75.38,94,0
C0783,33,20,261.19,7,0,88.14,129,1
C0784,25,3,438.31,9,1,17.15,179,1
C0785,55,16,265.7,4,1,34.68,98,0
C0786,29,30,338.78,3,2,97.01,166,0
C0787,41,45,250.63,4,1,78.08,43,0
C0788,45,23,497.67,4,3,28.26,53,0
C0789,70,28,528.77,6,2,56.39,161,1
C0790,25,51,364.81,3,3,40.43,102,0
C0791,45,40,405.74,10,2,49.0,139,1
C0792,53,54,182.71,5,4,35.52,180,0
C0793,43,5,355.05,5,0,27.93,1,0
C0794,25,20,392.47,3,3,67.48,14,1
C0795,67,40,793.12,2,4,77.85,122,1
C0796,45,56,233.2,7,2,87.4,21,0
C0797,45,44,619.63,5,5,15.53,34,1
C0798,54,1,549.53,4,2,82.29,105,1
C0799,58,57,442.1,6,1,25.48,14,0
C0800,53,30,663.79,5,2,42.73,168,1
C0801,44,21,455.82,4,3,90.14,122,1
C0802,34,20,458.37,7,0,45.45,163,1
C0803,26,6,392.03,4,1,19.71,170,1
C0804,50,22,583.54,2,1,15.99,82,1
C0805,70,18,564.47,3,1,47.3,148,0
C0806,37,8,306.15,8,2,76.27,60,0
C0807,30,39,202.11,5,4,99.72,137,1
C0808,45,32,369.55,6,4,78.74,115,0
C0809,65,33,279.99,2,3,87.7,33,1
C0810,46,53,390.47,3,2,74.78,49,0
C0811,30,16,585.62,3,6,89.54,4,1
C0812,63,12,331.4,7,4,7.63,123,1
C0813,52,38,393.58,5,0,92.99,176,1
C0814,23,52,408.7,2,1,39.64,16,0
C0815,35,34,527.26,2,1,92.16,175,1
C0816,68,14,62.97,7,2,7.57,26,0
C0817,22,36,308.99,8,1,71.52,70,1
C0818,64,33,431.69,4,0,73.57,37,0
C0819,42,23,580.01,4,0,99.69,150,0
C0820,19,50,326.21,4,1,76.89,7,0
C0821,27,45,118.52,3,1,38.26,170,0
C0822,47,2,492.96,4,0,55.72,30,0
C0823,67,41,304.7,6,1,36.66,74,1
C0824,62,21,221.55,5,2,19.6,121,1
C0825,22,2,306.35,5,2,24.85,6,0
C0826,50,27,372.32,3,2,22.2,24,0
C0827,18,57,309.29,6,0,54.88,168,1
C0828,35,9,69.17,4,2,90.62,121,0
C0829,49,1,534.56,2,2,91.27,143,1
C0830,64,11,591.23,5,2,5.48,85,0
C0831,66,3,497.73,7,1,7.99,133,1
C0832,28,52,229.35,8,2,24.51,89,0
C0833,38,23,369.78,0,3,25.51,36,1
C0834,43,26,399.02,5,1,9.49,174,1
C0835,42,4,489.82,4,2,38.85,151,1
C0836,39,18,500.25,6,0,58.77,88,0
C0837,44,55,289.87,4,3,57.82,45,0
C0838,66,6,412.3,7,1,54.34,10,0
C0839,30,35,468.59,2,4,33.87,54,1
C0840,50,22,618.37,3,2,70.65,70,1
C0841,51,43,505.68,3,2,82.65,85,0
C0842,58,15,518.36,5,1,34.63,32,0
C0843,52,22,412.57,6,1,8.55,43,1
C0844,18,60,611.57,9,2,29.63,118,1
C0845,38,37,461.46,6,3,13.74,121,1
C0846,65,52,270.84,7,1,46.74,15,0
C0847,23,42,610.51,2,3,15.59,66,1
C0848,45,12,504.69,2,2,46.28,143,1
C0849,34,47,333.54,8,2,22.1,115,1
C0850,22,49,328.08,8,1,73.87,81,0
C0851,48,42,444.49,8,2,2.76,20,1
C0852,22,38,469.48,7,1,55.47,178,0
C0853,55,18,429.59,6,2,16.95,6,0
C0854,20,45,446.7,2,3,0.1,79,1
C0855,70,35,654.99,7,2,86.92,125,1
C0856,40,30,560.73,6,1,67.15,145,0
C0857,54,24,428.6,5,1,9.89,120,0
C0858,70,42,541.2,6,0,66.41,26,1
C0859,54,30,245.12,4,0,61.16,22,0
C0860,27,14,459.69,4,2,47.34,64,1
C0861,27,6,671.4,4,1,41.93,58,0
C0862,36,3,367.29,5,2,88.71,37,1
C0863,34,16,272.85,4,2,24.51,78,1
C0864,38,7,302.19,7,0,39.83,121,0
C0865,31,52,236.56,2,2,32.91,28,1
C0866,26,14,282.29,4,2,77.12,49,1
C0867,63,9,344.42,1,1,91.65,67,1
C0868,18,15,189.16,6,1,84.98,103,1
C0869,68,21,402.34,1,1,79.77,126,0
C0870,62,35,535.34,6,3,98.68,93,0
C0871,30,2,263.84,6,1,69.71,169,0
C0872,21,27,627.89,0,2,75.11,174,0
C0873,18,2,476.62,6,0,98.28,87,1
C0874,66,35,554.59,1,0,0.7,87,1
C0875,57,18,301.32,4,0,63.4,55,0
C0876,49,14,528.18,6,3,73.9,139,0
C0877,51,20,236.21,7,0,91.78,154,0
C0878,45,18,533.54,6,0,88.38,13,0
C0879,48,10,425.78,3,2,84.2,164,0
C0880,25,25,482.99,7,0,94.58,128,1
C0881,56,2,223.66,6,0,53.74,64,1
C0882,43,25,265.74,5,1,0.69,51,0
C0883,51,54,489.58,7,1,1.11,76,0
C0884,20,33,257.75,4,0,54.46,22,1
C0885,67,36,469.48,7,0,43.53,60,1
C0886,29,31,194.93,1,3,45.12,130,1
C0887,18,14,527.23,2,1,40.04,56,1
C0888,61,1,215.12,2,1,91.77,168,1
C0889,22,46,482.84,6,0,35.92,156,1
C0890,47,16,493.84,8,3,85.62,97,1
C0891,47,54,295.48,6,1,90.29,3,0
C0892,34,46,487.3,0,3,49.95,151,1
C0893,65,52,439.07,10,2,44.69,55,0
C0894,64,3,319.17,2,2,76.1,160,1
C0895,40,35,248.72,5,0,70.8,84,1
C0896,32,41,105.61,8,1,32.85,28,0
C0897,54,6,452.45,5,1,10.25,124,0
C0898,38,25,165.28,4,0,26.49,8,0
C0899,31,13,414.3,3,5,13.1,3,0
C0900,19,53,360.48,7,0,29.47,94,0
C0901,28,34,501.87,7,4,26.18,89,1
C0902,68,8,354.69,3,0,63.77,157,0
C0903,56,21,350.58,3,0,95.45,94,0
C0904,55,34,509.78,2,0,68.57,89,1
C0905,51,4,450.26,2,0,92.66,59,0
C0906,55,25,447.42,7,1,78.41,152,0
C0907,67,15,470.39,4,0,72.79,166,1
C0908,51,4,169.66,1,1,41.41,28,0
C0909,35,45,513.52,3,1,32.48,62,1
C0910,47,60,491.87,10,2,84.63,51,0
C0911,32,12,247.5,3,0,90.54,7,1
C0912,44,32,363.39,6,3,45.19,23,1
C0913,68,32,394.1,4,3,0.91,46,1
C0914,51,28,379.83,5,3,79.25,78,0
C0915,69,13,450.08,3,1,28.51,106,0
C0916,55,31,614.71,7,0,0.99,28,0
C0917,50,14,562.27,5,1,80.5,24,1
C0918,41,20,203.17,2,2,51.74,7,0
C0919,32,18,493.31,6,2,68.52,112,0
C0920,47,29,599.34,3,1,91.47,79,1
C0921,59,60,458.02,2,1,54.12,177,1
C0922,68,6,563.65,7,1,50.32,3,0
C0923,34,32,701.84,6,3,29.07,2,0
C0924,22,29,553.56,3,1,30.52,7,0
C0925,46,43,437.4,5,1,79.65,121,1
C0926,21,2,556.76,7,1,44.9,21,1
C0927,27,60,421.73,4,2,16.35,137,0
C0928,34,23,403.59,4,0,9.45,140,0
C0929,27,19,347.29,3,2,47.29,24,0
C0930,34,31,634.51,6,4,46.5,33,0
C0931,37,51,277.24,4,1,65.35,43,0
C0932,41,5,629.86,5,2,47.11,82,1
C0933,22,19,474.98,7,1,14.35,118,1
C0934,51,34,190.1,4,0,50.78,5,0
C0935,23,10,455.15,3,5,90.68,123,1
C0936,70,25,85.0,1,0,15.94,71,1
C0937,19,2,493.83,5,0,68.98,89,1
C0938,30,11,532.78,8,2,59.39,142,1
C0939,60,50,311.15,5,3,74.86,116,1
C0940,60,31,418.53,5,2,15.06,164,1
C0941,65,56,693.12,3,1,94.16,35,1
C0942,28,15,324.14,3,0,62.1,108,0
C0943,68,9,241.16,6,1,84.71,178,1
C0944,64,23,622.25,5,2,24.66,79,1
C0945,40,19,694.39,7,2,73.94,11,1
C0946,33,9,400.55,6,1,78.1,152,1
C0947,48,35,551.72,8,3,39.74,75,1
C0948,28,21,601.22,8,1,38.4,44,1
C0949,33,9,288.63,8,1,65.78,179,1
C0950,25,28,327.2,9,0,9.34,145,1
C0951,21,46,584.63,5,3,73.56,125,1
C0952,57,51,652.75,3,6,4.29,85,1
C0953,21,7,484.43,4,4,19.06,8,0
C0954,42,16,268.03,5,2,66.41,79,0
C0955,20,16,698.06,6,1,9.83,118,1
C0956,49,60,320.35,7,0,97.18,122,1
C0957,20,33,349.73,4,0,86.84,74,0
C0958,44,4,451.35,6,2,62.63,28,1
C0959,46,4,633.12,13,4,81.91,140,1
C0960,49,39,528.1,3,1,88.76,171,1
C0961,67,40,462.23,7,2,25.95,120,0
C0962,68,17,469.49,7,1,84.94,165,1
C0963,36,37,406.53,2,2,19.48,108,1
C0964,38,39,483.72,5,0,41.33,127,1
C0965,22,60,50.0,2,0,55.83,63,0
C0966,35,52,355.51,4,3,71.39,101,0
C0967,45,29,436.2,3,0,3.01,93,0
C0968,59,52,227.35,3,2,29.05,63,1
C0969,39,36,457.95,1,2,60.85,10,1
C0970,38,60,369.33,7,1,35.74,80,1
C0971,23,38,663.32,4,2,77.5,37,0
C0972,18,39,635.95,9,0,65.17,11,1
C0973,22,50,330.13,4,3,23.44,115,1
C0974,58,37,377.37,6,5,14.59,90,1
C0975,29,52,388.91,3,3,62.9,19,1
C0976,43,35,332.25,8,1,45.05,52,1
C0977,63,7,429.25,6,0,16.9,118,1
C0978,51,27,286.26,5,2,32.64,18,0
C0979,66,28,230.41,3,0,30.3,94,1
C0980,31,22,493.41,11,0,10.81,32,0
C0981,43,14,494.43,7,2,54.69,151,1
C0982,62,7,279.35,6,0,76.36,140,1
C0983,44,37,534.3,6,2,57.55,58,0
C0984,26,22,305.26,6,3,82.63,21,0
C0985,43,5,437.97,6,1,12.76,149,1
C0986,64,55,523.05,5,1,43.56,29,1
C0987,39,2,394.96,8,3,60.94,47,0
C0988,64,27,468.21,6,1,67.6,140,0
C0989,47,21,322.54,8,4,69.58,58,0
C0990,60,54,370.53,13,1,72.9,169,1
C0991,65,38,369.12,4,7,65.14,19,0
C0992,34,15,288.01,1,2,9.42,140,0
C0993,43,21,373.48,4,4,69.53,23,1
C0994,53,10,167.71,2,2,72.48,133,0
C0995,18,23,326.33,7,0,99.35,122,0
C0996,25,58,357.27,4,4,69.34,154,1
C0997,66,56,361.57,5,1,68.68,117,1
C0998,52,39,363.78,8,1,51.48,63,1
C0999,69,5,390.74,6,5,86.79,52,1
C1000,32,1,471.92,5,0,99.68,10,0
C1001,64,13,531.18,2,1,77.9,86,0
C1002,39,21,302.54,6,0,61.25,167,0
C1003,31,26,219.52,5,1,7.9,151,1
C1004,43,50,243.69,6,1,72.67,11,0
C1005,45,45,326.92,3,5,70.86,95,1
C1006,40,21,347.21,6,2,77.56,72,0
C1007,31,53,284.5,6,4,12.46,128,1
C1008,41,18,205.58,4,1,65.37,48,0
C1009,19,37,331.58,7,3,29.57,92,1
C1010,62,45,427.21,4,0,76.03,16,0
C1011,43,32,489.25,0,0,24.04,174,1
C1012,31,36,316.39,9,3,68.4,175,0
C1013,68,17,338.05,1,2,29.5,95,1
C1014,24,35,261.0,6,0,0.9,48,0
C1015,20,49,395.28,4,3,63.34,153,1
C1016,64,60,272.74,5,2,11.33,77,1
C1017,40,11,485.97,6,2,65.93,93,1
C1018,63,21,132.12,8,2,92.56,104,0
C1019,60,52,346.06,4,3,96.92,81,0
C1020,64,55,445.17,5,1,23.59,37,1
C1021,62,53,427.58,10,1,80.93,102,1
C1022,35,26,803.96,5,4,35.36,29,1
C1023,55,4,452.47,7,1,90.05,58,0
C1024,52,34,249.39,6,3,78.75,94,0
C1025,68,52,385.68,4,4,7.39,159,1
C1026,32,48,133.56,3,1,40.71,86,1
C1027,42,60,387.91,5,2,33.73,110,0
C1028,54,18,275.04,4,2,78.52,41,0
C1029,45,40,537.31,4,0,41.03,178,1
C1030,27,35,317.57,5,1,68.46,44,0
C1031,56,41,382.49,2,1,60.24,137,1
C1032,34,29,304.67,7,0,97.56,90,0
C1033,56,52,660.83,3,1,93.78,155,1
C1034,39,29,351.81,5,2,42.77,109,1
C1035,43,38,674.88,6,1,72.36,59,1
C1036,61,42,522.12,8,4,82.95,110,0
C1037,42,21,472.31,5,2,89.89,106,1
C1038,34,42,455.31,3,1,6.81,131,1
C1039,30,13,459.07,3,2,30.21,7,0
C1040,37,49,110.85,5,1,32.02,82,0
C1041,42,41,358.17,7,2,43.44,16,0
C1042,21,17,526.77,5,0,16.93,49,0
C1043,27,56,392.67,5,3,49.62,121,0
C1044,20,9,189.22,10,0,66.32,32,1
C1045,58,41,392.14,2,0,49.74,89,1
C1046,62,1,655.62,6,1,66.58,172,1
C1047,35,2,587.03,7,2,6.64,19,0
C1048,64,60,390.7,4,1,87.6,3,1
C1049,53,48,542.72,11,2,93.91,122,1
C1050,64,29,345.02,5,1,61.79,60,0
C1051,39,33,144.42,4,0,88.14,163,0
C1052,51,10,261.33,1,0,13.14,29,0
C1053,64,50,634.43,11,1,79.74,75,1
C1054,25,58,358.9,3,2,11.91,70,0
C1055,57,60,363.49,2,2,40.8,83,0
C1056,66,40,355.02,7,2,32.38,101,0
C1057,61,21,685.62,5,1,58.56,173,1
C1058,36,28,643.89,1,1,30.15,155,1
C1059,59,11,732.82,6,1,63.73,90,1
C1060,58,55,376.14,4,0,36.74,163,1
C1061,54,34,444.34,9,0,86.08,147,1
C1062,23,8,172.5,4,0,63.39,17,1
C1063,69,59,621.54,9,2,21.53,35,1
C1064,43,22,224.83,5,0,33.61,113,1
C1065,51,8,432.52,2,2,84.74,158,1
C1066,62,49,235.4,8,2,38.65,122,1
C1067,23,15,311.67,2,1,53.58,48,0
C1068,54,17,274.41,7,4,64.89,17,1
C1069,50,60,308.82,9,1,34.78,101,0
C1070,70,23,319.13,3,3,29.4,15,0
C1071,39,24,317.76,3,2,47.53,128,1
C1072,38,45,525.0,6,1,21.49,112,1
C1073,23,19,234.27,7,5,28.42,14,1
C1074,23,5,433.08,2,5,6.21,142,0
C1075,65,32,582.69,9,0,30.4,173,1
C1076,21,44,323.02,5,3,32.07,97,1
C1077,47,1,292.31,5,2,96.18,166,1
C1078,28,23,365.42,3,1,58.97,119,1
C1079,47,37,576.96,6,3,78.74,11,1
C1080,48,8,429.12,6,2,4.54,48,0
C1081,41,13,320.32,4,2,10.65,154,1
C1082,26,8,472.58,6,1,81.45,67,0
C1083,20,57,234.66,8,2,62.35,25,0
C1084,68,23,502.2,4,0,19.1,86,0
C1085,48,43,461.29,6,1,40.48,110,1
C1086,57,1,353.83,4,3,53.87,154,1
C1087,54,45,274.21,9,1,84.36,162,1
C1088,53,51,267.0,5,3,6.04,90,1
C1089,41,24,480.22,7,1,59.67,9,0
C1090,48,35,584.35,2,2,71.7,40,0
C1091,23,24,304.4,4,0,97.79,7,1
C1092,19,17,468.76,4,0,80.72,158,1
C1093,37,5,86.95,7,0,27.62,118,1
C1094,45,20,312.31,3,2,70.96,158,1
C1095,28,21,395.34,4,1,76.33,58,1
C1096,21,40,263.55,3,4,72.97,55,1
C1097,32,58,259.52,3,1,82.01,14,1
C1098,23,31,299.83,2,1,90.37,118,1
C1099,66,46,443.83,10,1,9.84,77,0
C1100,47,36,371.9,3,3,10.48,165,1
C1101,55,11,64.27,2,0,79.64,124,0
C1102,68,52,81.89,6,5,25.24,172,1
C1103,19,15,308.97,4,0,5.85,134,1
C1104,32,19,468.65,6,0,40.12,26,1
C1105,28,7,50.0,2,0,81.99,128,1
C1106,25,51,325.04,4,1,12.66,118,1
C1107,43,28,321.06,9,3,67.18,142,0
C1108,68,51,608.25,10,0,0.36,136,1
C1109,62,43,342.25,5,0,10.97,24,1
C1110,61,58,457.45,2,3,35.09,167,1
C1111,22,5,421.19,3,3,8.36,177,0
C1112,23,5,80.42,7,0,84.59,85,1
C1113,43,30,515.23,6,0,86.41,63,0
C1114,21,54,432.31,4,0,75.56,26,1
C1115,36,32,476.24,2,2,24.25,10,1
C1116,37,8,988.94,7,1,52.32,106,1
C1117,50,10,87.38,6,4,18.42,117,1
C1118,37,38,658.7,7,1,28.13,58,1
C1119,66,47,356.88,7,1,51.6,14,1
C1120,29,32,443.1,3,3,73.5,73,0
C1121,64,48,393.17,3,0,9.47,39,0
C1122,18,28,336.36,4,2,29.67,122,0
C1123,43,17,314.53,5,1,92.66,159,1
C1124,31,31,449.43,2,0,42.91,178,1
C1125,55,8,172.42,4,1,93.89,144,1
C1126,54,40,512.59,7,1,99.14,72,0
C1127,28,25,337.57,5,2,52.67,112,1
C1128,53,9,230.49,6,1,28.8,51,1
C1129,30,2,332.5,4,2,79.08,143,1
C1130,60,15,588.57,9,1,15.93,89,1
C1131,20,50,319.7,2,1,25.2,38,0
C1132,50,3,453.77,6,2,78.49,105,1
C1133,23,49,290.36,4,4,43.36,79,1
C1134,67,36,513.69,3,0,20.15,89,1
C1135,27,4,502.83,6,2,65.11,71,1
C1136,22,14,677.29,7,1,73.28,90,1
C1137,40,41,373.67,8,0,12.51,72,1
C1138,27,41,500.3,9,4,27.7,149,1
C1139,61,25,414.71,5,0,22.13,16,1
C1140,19,58,594.38,4,2,37.99,111,1
C1141,30,55,292.18,3,0,76.34,67,1
C1142,57,50,511.75,7,2,71.37,65,1
C1143,19,10,370.8,4,2,66.25,13,1
C1144,37,21,390.37,8,2,0.63,118,1
C1145,18,36,413.76,8,2,14.21,61,0
C1146,54,12,437.84,1,0,22.33,32,1
C1147,26,27,382.57,5,0,27.2,140,1
C1148,34,40,432.21,4,2,14.64,95,1
C1149,26,2,636.72,3,2,41.03,41,0
C1150,28,54,547.82,2,2,7.52,136,1
C1151,32,13,530.37,8,1,75.0,25,1
C1152,41,53,331.67,8,2,78.77,133,1
C1153,55,32,266.61,3,1,57.43,45,0
C1154,52,31,543.3,4,1,8.97,130,0
C1155,47,16,531.41,12,0,89.01,170,1
C1156,48,32,620.9,3,1,96.56,166,0
C1157,66,32,309.4,3,1,20.24,3,0
C1158,22,60,365.57,4,0,70.46,174,1
C1159,61,34,154.08,3,2,84.19,150,0
C1160,67,11,341.13,4,1,53.98,104,0
C1161,31,10,549.49,6,1,32.33,33,1
C1162,70,15,330.03,4,1,47.86,32,1
C1163,28,17,496.07,3,0,51.23,111,0
C1164,26,40,371.42,8,0,40.06,17,1
C1165,51,18,448.61,2,3,92.98,120,0
C1166,29,55,227.85,3,1,74.39,82,1
C1167,52,9,412.78,7,1,24.13,3,0
C1168,52,25,50.0,3,3,58.56,70,0
C1169,18,40,371.97,7,1,68.87,177,1
C1170,57,59,155.43,5,2,14.02,118,1
C1171,39,14,580.9,2,6,35.84,31,1
C1172,46,60,516.61,9,0,90.55,149,0
C1173,25,58,470.0,4,3,56.72,16,1
C1174,28,25,628.15,3,2,21.7,17,1
C1175,58,50,257.66,1,3,12.28,96,0
C1176,54,22,662.1,2,1,51.82,129,1
C1177,31,52,539.83,6,1,54.77,112,1
C1178,47,30,364.52,10,4,33.44,102,1
C1179,52,20,570.34,6,3,63.04,72,0
C1180,38,21,234.06,6,1,6.87,66,1
C1181,54,44,276.32,2,1,14.51,111,0
C1182,22,32,308.71,4,1,54.63,37,1
C1183,36,51,320.65,5,0,6.18,152,0
C1184,31,46,241.52,8,2,88.09,91,1
C1185,43,49,583.46,5,0,14.21,84,1
C1186,21,56,361.17,3,2,67.39,111,0
C1187,42,21,452.88,1,2,39.12,62,1
C1188,62,35,314.45,7,3,39.98,21,0
C1189,59,58,126.91,7,3,76.49,106,0
C1190,42,32,440.51,4,2,49.95,37,1
C1191,35,30,113.16,4,2,72.57,35,1
C1192,57,55,389.7,4,2,50.52,166,1
C1193,25,39,194.75,9,3,59.29,143,0
C1194,56,49,698.09,1,3,76.07,114,1
C1195,57,12,536.7,3,2,60.73,170,1
C1196,31,41,415.86,4,3,61.56,94,1
C1197,49,47,589.56,3,1,78.92,4,0
C1198,68,18,273.05,3,3,94.91,107,1
C1199,55,21,481.52,8,2,37.67,167,1
C1200,50,13,429.97,11,0,57.71,79,1
C1201,40,21,439.6,4,1,8.63,23,0
C1202,32,8,590.85,2,0,35.88,105,1
C1203,50,46,509.87,3,6,41.2,15,1
C1204,42,40,443.31,4,0,83.52,140,0
C1205,34,46,151.77,2,0,51.34,128,1
C1206,50,7,255.99,7,0,73.11,82,0
C1207,64,23,381.59,2,1,1.9,121,1
C1208,19,44,414.01,11,1,46.45,88,0
C1209,31,32,230.47,5,1,90.13,166,1
C1210,70,11,761.75,5,1,22.43,156,1
C1211,57,22,627.46,4,5,3.15,79,1
C1212,57,22,490.32,4,3,43.34,19,0
C1213,68,43,410.81,4,2,70.44,69,1
C1214,56,25,368.17,3,1,45.45,132,0
C1215,68,22,257.21,5,1,46.0,10,0
C1216,23,28,411.62,9,1,66.98,140,1
C1217,23,29,438.66,5,0,25.44,135,1
C1218,20,13,213.74,2,1,75.19,44,1
C1219,24,18,450.13,6,0,15.31,151,0
C1220,68,2,376.71,7,3,39.58,2,1
C1221,25,29,113.83,5,4,65.6,94,0
C1222,59,21,270.94,7,1,82.84,116,1
C1223,69,15,337.96,7,0,79.15,165,1
C1224,32,52,683.15,8,1,72.17,69,1
C1225,64,27,483.48,7,0,35.91,148,0
C1226,46,50,199.68,3,1,12.23,172,1
C1227,50,31,472.91,4,2,21.68,108,1
C1228,69,15,167.9,4,0,86.48,70,1
C1229,47,51,562.4,3,0,85.73,74,0
C1230,56,23,329.33,7,0,95.16,179,0
C1231,44,24,385.95,7,0,7.6,80,0
C1232,53,44,598.87,3,0,53.68,98,0
C1233,46,13,206.93,7,1,64.87,159,1
C1234,55,22,190.43,8,4,71.07,100,1
C1235,50,43,312.46,3,2,64.39,169,1
C1236,54,37,555.76,4,2,77.0,58,1
C1237,44,33,172.1,7,3,35.95,133,1
C1238,50,56,50.0,1,2,17.94,161,0
C1239,21,3,332.33,4,2,20.46,171,1
C1240,39,54,482.76,2,3,1.2,147,0
C1241,19,19,580.04,2,1,35.03,32,0
C1242,27,23,330.53,5,1,9.17,121,0
C1243,22,29,338.29,6,2,32.15,3,1
C1244,27,30,573.09,5,0,62.82,129,1
C1245,50,39,119.54,4,0,89.45,169,1
C1246,55,44,341.72,5,3,83.96,48,0
C1247,30,47,428.56,7,1,25.27,167,0
C1248,48,25,467.38,4,0,13.41,133,1
C1249,64,37,323.53,2,2,19.31,77,1
C1250,53,47,405.17,9,3,97.1,11,0
C1251,62,8,50.0,4,4,54.95,22,1
C1252,41,42,301.26,3,1,18.25,12,1
C1253,69,58,468.03,4,2,84.07,53,0
C1254,32,16,252.66,4,0,39.52,55,1
C1255,46,8,408.85,6,1,89.92,53,0
C1256,25,1,467.03,4,2,26.07,21,0
C1257,22,44,348.62,6,5,39.32,19,1
C1258,46,5,425.57,9,1,50.49,88,1
C1259,64,3,255.59,3,2,89.26,94,0
C1260,21,1,369.01,3,2,86.88,66,1
C1261,29,4,491.53,8,3,57.44,59,0
C1262,62,40,423.55,6,3,22.18,177,1
C1263,19,35,312.02,1,3,40.34,59,0
C1264,44,32,433.63,7,1,97.56,151,1
C1265,48,42,507.19,5,0,60.78,3,1
C1266,68,34,92.51,7,1,78.11,116,1
C1267,68,43,573.86,5,2,44.99,58,0
C1268,53,25,349.56,2,2,53.2,62,1
C1269,53,10,463.82,6,1,42.9,146,1
C1270,43,21,579.59,7,1,70.29,126,1
C1271,60,46,194.25,5,0,85.15,37,0
C1272,44,39,293.58,6,1,50.74,113,0
C1273,22,27,356.72,5,4,48.09,95,0
C1274,37,27,282.44,6,1,34.03,78,1
C1275,28,2,660.24,3,1,17.71,142,1
C1276,27,41,271.48,4,1,93.92,105,1
C1277,57,48,316.67,5,0,31.61,5,1
C1278,55,13,430.66,8,0,80.07,95,0
C1279,23,9,219.68,10,0,71.53,129,1
C1280,25,52,340.65,5,0,79.09,63,0
C1281,40,36,447.62,3,1,93.68,20,0
C1282,64,22,350.07,7,2,62.34,43,1
C1283,43,42,385.99,2,2,89.8,85,1
C1284,63,26,320.6,6,1,16.77,94,1
C1285,60,58,172.83,6,0,62.67,42,1
C1286,29,54,448.24,6,2,77.23,108,1
C1287,43,12,663.24,5,0,27.16,94,0
C1288,30,17,402.76,0,2,74.08,74,1
C1289,57,14,433.79,6,2,77.85,109,0
C1290,35,14,503.91,4,2,83.12,115,0
C1291,42,57,209.6,6,2,31.29,167,0
C1292,50,34,655.38,3,0,68.16,176,1
C1293,64,53,430.35,6,3,30.43,125,0
C1294,57,57,644.78,3,4,73.9,6,0
C1295,60,20,290.05,5,2,46.3,123,0
C1296,29,11,672.71,2,1,59.75,42,0
C1297,61,16,516.27,4,3,41.58,58,0
C1298,53,51,482.96,7,0,16.2,171,1
C1299,65,31,435.1,6,2,17.8,10,1
C1300,21,55,362.72,7,2,7.76,89,1
C1301,22,6,580.08,6,1,61.81,78,1
C1302,54,56,421.05,2,1,84.86,111,0
C1303,25,19,104.94,0,0,2.08,39,1
C1304,59,37,232.42,4,2,6.62,141,1
C1305,66,58,372.12,5,2,45.75,167,1
C1306,45,4,446.5,2,2,73.77,11,1
C1307,48,47,391.51,3,2,15.77,110,1
C1308,26,4,582.85,6,1,27.17,16,0
C1309,68,20,107.33,9,1,23.2,33,0
C1310,46,10,421.54,6,1,39.91,59,1
C1311,31,24,127.3,4,3,22.5,51,1
C1312,57,54,513.96,2,4,35.26,15,1
C1313,58,35,385.83,6,1,72.85,43,1
C1314,39,26,462.94,7,1,61.1,27,0
C1315,28,37,270.42,2,4,8.12,56,0
C1316,40,38,591.92,6,1,63.77,121,1
C1317,18,21,556.26,8,1,47.71,113,1
C1318,63,54,487.53,4,1,93.46,60,0
C1319,54,40,380.57,6,1,28.93,115,1
C1320,38,39,486.98,6,2,72.62,109,0
C1321,43,21,293.97,1,0,73.09,175,1
C1322,63,10,528.33,7,1,22.15,112,1
C1323,53,38,647.42,6,2,90.32,100,1
C1324,40,46,560.59,5,0,49.12,8,1
C1325,18,4,290.56,3,2,67.89,135,0
C1326,68,60,454.21,7,2,14.59,81,1
C1327,57,57,206.03,4,2,25.78,130,1
C1328,32,45,485.86,2,0,58.61,145,1
C1329,38,20,467.59,7,1,31.9,121,1
C1330,64,17,119.53,5,1,49.97,4,0
C1331,26,55,225.73,8,2,37.4,26,0
C1332,70,7,357.53,7,1,64.06,78,0
C1333,26,4,354.87,5,3,48.71,72,0
C1334,27,29,218.58,4,1,0.46,133,1
C1335,69,14,458.35,3,4,64.97,128,1
C1336,70,3,437.72,9,0,42.21,5,0
C1337,43,24,370.86,4,0,34.17,91,1
C1338,58,37,286.63,8,1,9.41,69,1
C1339,52,16,557.31,4,1,22.04,3,0
C1340,69,58,648.31,2,1,22.38,166,0
C1341,42,55,327.47,2,5,93.54,94,1
C1342,43,52,308.17,5,0,43.25,1,0
C1343,28,4,473.68,8,0,4.21,136,0
C1344,55,56,346.3,5,1,13.88,13,0
C1345,19,24,379.09,6,0,7.9,178,0
C1346,24,34,510.95,3,3,58.89,112,1
C1347,35,30,113.6,5,2,18.66,8,0
C1348,44,18,597.75,8,2,49.86,158,1
C1349,51,19,410.9,4,1,37.01,113,1
C1350,44,31,338.28,5,0,80.39,168,0
C1351,34,60,386.61,1,2,32.05,79,1
C1352,60,60,394.36,5,2,45.83,122,1
C1353,61,19,140.32,6,0,72.13,74,1
C1354,68,49,624.24,3,0,43.34,127,1
C1355,41,46,406.2,6,1,79.32,161,0
C1356,42,19,466.45,5,3,66.17,113,0
C1357,24,22,542.73,5,2,41.05,52,0
C1358,69,24,246.83,6,4,50.4,121,1
C1359,23,45,471.02,6,1,96.72,33,0
C1360,70,12,359.85,7,3,66.16,73,1
C1361,41,30,527.02,6,2,90.5,96,1
C1362,50,58,80.92,5,0,17.88,37,0
C1363,66,38,385.14,6,0,48.32,69,1
C1364,46,53,309.58,6,2,90.87,132,1
C1365,60,31,464.84,5,2,32.26,60,0
C1366,39,36,470.51,10,2,96.77,74,1
C1367,43,19,293.86,4,1,9.71,31,0
C1368,45,48,293.17,8,3,90.27,14,0
C1369,67,45,383.4,6,2,44.52,60,0
C1370,38,36,265.5,4,1,7.37,68,1
C1371,66,30,526.3,5,4,87.95,128,1
C1372,24,55,344.62,4,2,25.19,26,1
C1373,34,49,50.0,6,0,2.23,152,0
C1374,37,55,343.78,2,1,13.58,137,0
C1375,58,33,244.22,2,1,65.91,35,0
C1376,66,18,155.31,9,2,97.78,106,0
C1377,37,52,214.39,1,2,11.15,24,0
C1378,39,49,416.41,3,1,46.19,159,0
C1379,45,59,599.3,4,1,18.06,83,1
C1380,57,28,446.98,3,1,74.5,169,1
C1381,66,59,309.02,2,1,11.81,36,1
C1382,24,47,468.39,6,0,23.98,101,1
C1383,18,11,331.14,2,2,19.64,34,1
C1384,49,57,295.81,7,3,55.25,121,1
C1385,30,60,226.85,10,2,87.32,39,0
C1386,47,54,137.23,1,0,51.11,23,1
C1387,40,45,341.51,2,3,5.82,80,0
C1388,68,33,423.71,4,2,56.34,172,1
C1389,36,17,385.51,4,0,79.75,70,0
C1390,49,6,337.6,8,2,13.22,59,1
C1391,47,4,258.14,6,0,7.27,154,1
C1392,46,20,491.24,2,2,18.78,22,1
C1393,66,48,202.43,6,1,74.61,109,0
C1394,62,47,516.4,8,2,59.17,111,1
C1395,46,27,249.67,8,2,54.06,88,0
C1396,47,15,287.13,2,3,24.95,40,0
C1397,33,6,179.98,5,1,33.22,85,1
C1398,57,47,324.79,4,1,96.59,94,0
C1399,36,14,546.3,3,3,24.06,11,0
C1400,35,60,477.34,8,2,90.16,117,0
C1401,18,11,546.76,3,2,58.05,9,0
C1402,31,39,478.32,7,0,12.33,12,1
C1403,68,9,234.45,2,3,46.73,154,1
C1404,64,26,350.38,1,1,94.85,38,0
C1405,67,16,282.97,5,2,41.86,131,1
C1406,19,5,599.59,4,0,86.34,126,1
C1407,45,57,220.48,4,2,25.64,143,1
C1408,66,52,534.05,4,1,57.09,175,0
C1409,67,10,533.94,3,3,84.39,133,1
C1410,47,50,674.44,0,2,92.07,54,0
C1411,55,3,338.55,2,2,48.58,24,0
C1412,68,13,506.85,3,1,63.97,139,1
C1413,21,43,742.25,4,3,0.3,121,1
C1414,18,49,307.35,2,1,25.32,119,1
C1415,25,30,169.74,6,2,27.87,161,0
C1416,46,54,118.0,5,2,9.35,74,1
C1417,56,45,506.91,1,2,27.97,180,1
C1418,20,6,117.53,8,1,32.11,171,1
C1419,49,17,344.15,6,1,96.88,121,0
C1420,27,59,465.6,1,1,66.86,128,1
C1421,27,45,427.78,9,3,42.6,44,1
C1422,36,51,463.82,3,1,98.81,90,1
C1423,63,53,433.34,9,2,15.32,164,0
C1424,51,19,591.83,4,1,47.61,12,0
C1425,50,42,257.15,3,2,64.71,3,0
C1426,40,35,298.45,7,3,5.56,50,1
C1427,45,46,284.1,5,1,71.7,157,1
C1428,49,26,524.53,6,3,9.99,108,0
C1429,67,51,535.06,3,1,14.03,16,1
C1430,24,5,467.68,7,2,15.97,168,1
C1431,46,29,577.52,5,0,92.89,27,1
C1432,25,37,223.29,8,3,68.32,123,1
C1433,18,20,650.08,7,2,65.54,70,0
C1434,20,49,628.49,3,3,55.55,42,1
C1435,41,21,510.34,5,0,29.28,138,1
C1436,40,10,667.27,9,0,62.09,125,1
C1437,25,5,151.51,5,0,41.01,166,1
C1438,64,36,321.33,6,2,14.54,136,1
C1439,54,6,289.7,4,3,68.96,146,0
C1440,20,26,508.22,6,1,12.96,145,1
C1441,68,4,242.48,6,0,19.07,58,0
C1442,50,39,513.62,5,0,81.77,106,0
C1443,45,39,605.58,6,1,66.01,66,1
C1444,64,50,504.28,4,1,63.1,172,0
C1445,25,35,442.56,4,1,41.82,84,0
C1446,51,1,251.82,7,0,39.63,9,1
C1447,52,24,272.97,7,5,69.03,176,1
C1448,49,57,587.44,5,2,74.0,167,1
C1449,41,36,516.9,3,1,51.02,105,1
C1450,31,6,394.15,3,2,96.93,89,1
C1451,49,41,337.31,3,1,95.57,89,1
C1452,63,54,96.13,2,1,41.24,88,0
C1453,60,46,239.37,6,2,82.06,6,1
C1454,33,60,686.71,3,0,54.33,158,1
C1455,21,44,207.93,3,1,51.18,123,1
C1456,69,60,428.42,11,0,5.5,74,0
C1457,54,57,551.12,4,0,57.4,103,1
C1458,38,31,211.76,10,2,90.06,146,0
C1459,31,20,427.71,8,1,78.01,171,1
C1460,48,24,540.69,3,2,78.63,33,1
C1461,65,25,401.87,7,3,15.99,147,1
C1462,35,36,830.26,5,2,35.84,87,0
C1463,24,21,149.71,3,2,23.32,69,1
C1464,27,30,558.81,5,0,31.59,124,1
C1465,24,24,374.08,6,3,57.95,26,0
C1466,50,44,515.79,5,0,36.48,157,0
C1467,40,42,466.2,5,1,56.07,152,1
C1468,38,30,290.03,2,1,43.85,6,1
C1469,36,22,434.35,6,0,28.66,39,0
C1470,65,28,121.31,5,1,9.54,4,0
C1471,36,7,490.49,4,2,89.18,128,1
C1472,53,35,444.72,7,0,1.14,58,1
C1473,46,55,495.8,5,1,0.17,48,1
C1474,35,28,558.72,6,4,82.68,60,0
C1475,19,14,455.14,6,3,99.68,26,0
C1476,18,56,422.21,6,2,72.71,77,0
C1477,64,10,267.84,3,2,1.53,168,1
C1478,22,16,293.17,5,4,22.67,86,1
C1479,37,16,578.01,4,2,97.18,123,0
C1480,28,54,615.45,8,2,80.86,56,0
C1481,59,31,364.28,3,1,56.68,39,0
C1482,19,42,406.9,2,2,23.69,81,0
C1483,20,25,264.31,1,1,1.44,167,1
C1484,40,13,575.91,7,3,2.09,176,1
C1485,29,6,499.81,3,4,61.2,25,1
C1486,37,44,691.18,2,2,2.18,162,1
C1487,22,9,268.25,4,2,99.36,127,1
C1488,54,45,343.3,6,0,18.34,149,1
C1489,55,36,434.72,2,0,71.07,25,0
C1490,47,56,496.97,7,0,15.51,89,0
C1491,26,43,367.65,4,3,54.01,22,0
C1492,51,20,269.06,10,2,8.06,23,0
C1493,70,18,532.21,8,2,76.68,153,0
C1494,61,58,508.17,6,0,58.49,154,0
C1495,52,43,262.56,7,4,8.62,30,0
C1496,69,57,603.32,3,3,84.86,166,0
C1497,39,21,575.53,4,1,54.7,103,1
C1498,61,4,420.14,8,2,92.16,162,1
C1499,41,50,411.94,5,2,91.66,77,1
C1500,34,33,483.11,4,3,92.05,73,0
C1501,27,27,270.74,4,0,7.78,143,1
C1502,47,7,404.5,5,0,12.1,95,1
C1503,63,6,77.14,5,1,98.77,172,0
C1504,40,15,531.47,4,5,48.76,95,0
C1505,49,18,165.78,3,2,23.82,138,1
C1506,34,32,625.51,6,0,76.97,117,0
C1507,67,56,350.48,8,2,26.43,37,1
C1508,68,11,368.25,5,3,72.72,7,1
C1509,34,20,305.84,5,0,83.73,124,1
C1510,31,24,356.79,3,2,78.43,32,0
C1511,26,15,612.78,5,2,27.4,11,1
C1512,57,48,50.0,5,2,40.16,176,0
C1513,19,7,591.54,10,0,41.33,109,1
C1514,62,21,450.7,4,8,49.13,92,1
C1515,42,42,218.95,4,2,16.74,48,1
C1516,56,26,238.7,9,1,45.25,45,1
C1517,26,44,651.46,5,1,51.08,95,1
C1518,39,56,258.17,4,0,53.17,33,1
C1519,60,14,227.0,2,0,81.99,118,1
C1520,63,57,570.6,4,0,51.73,132,0
C1521,21,37,450.78,4,1,23.08,47,1
C1522,43,58,259.31,5,1,66.31,122,0
C1523,46,21,432.49,2,3,79.73,53,1
C1524,62,18,246.14,8,0,31.94,126,0
C1525,51,5,565.12,3,2,64.53,159,1
C1526,40,3,559.21,5,1,14.69,159,1
C1527,54,23,479.8,4,0,34.19,27,0
C1528,28,26,454.25,5,2,90.92,89,0
C1529,23,37,664.18,7,4,91.13,176,1
C1530,35,24,399.95,6,2,57.53,36,0
C1531,38,49,222.72,7,2,70.24,177,1
C1532,59,19,467.42,3,1,85.4,159,0
C1533,53,51,712.91,8,1,95.86,101,1
C1534,58,25,247.79,3,1,48.99,122,0
C1535,55,21,345.78,6,1,56.16,172,1
C1536,51,12,462.47,6,2,41.56,125,0
C1537,34,57,391.91,6,2,7.2,59,0
C1538,54,41,252.65,3,2,42.28,23,1
C1539,42,33,568.28,1,4,79.06,99,1
C1540,55,50,748.01,6,1,80.49,68,0
C1541,29,53,429.42,5,3,89.24,92,0
C1542,40,4,264.39,2,4,5.15,170,1
C1543,70,42,167.66,4,2,52.72,105,0
C1544,59,57,438.7,10,1,10.74,42,0
C1545,39,7,565.58,3,2,20.07,141,0
C1546,38,22,471.28,11,1,90.02,129,1
C1547,44,55,399.64,2,2,49.68,53,1
C1548,48,33,311.61,3,3,75.85,168,0
C1549,23,17,236.18,3,0,6.44,90,1
C1550,44,24,525.21,2,2,41.68,174,1
C1551,57,34,537.07,3,4,67.42,116,0
C1552,51,28,168.14,6,1,13.34,87,1
C1553,29,58,638.48,6,2,32.58,113,0
C1554,62,43,486.11,7,1,6.45,150,1
C1555,70,41,609.94,3,6,65.13,115,1
C1556,24,39,198.68,5,0,97.09,180,1
C1557,27,22,195.13,2,1,82.7,120,0
C1558,62,49,377.65,5,2,97.46,28,0
C1559,34,17,475.42,4,2,84.56,53,1
C1560,43,34,669.45,1,4,85.52,117,1
C1561,38,6,505.91,3,0,57.72,145,1
C1562,45,46,363.6,3,2,51.83,64,1
C1563,63,6,246.04,8,1,40.63,6,1
C1564,19,34,584.5,10,2,81.81,142,0
C1565,60,1,255.29,4,0,18.21,114,0
C1566,18,10,644.27,5,0,5.62,128,0
C1567,68,21,357.34,6,1,94.79,17,0
C1568,70,5,638.59,3,3,0.38,38,1
C1569,53,2,501.84,11,3,97.68,13,0
C1570,68,22,379.45,5,0,72.89,112,1
C1571,43,48,322.09,5,2,32.85,137,1
C1572,46,57,348.86,3,2,69.78,172,1
C1573,38,2,464.25,7,1,81.79,127,0
C1574,28,10,411.57,2,2,24.54,106,1
C1575,57,34,310.93,5,3,77.09,154,0
C1576,28,16,375.16,4,2,80.44,77,1
C1577,53,48,411.79,6,1,24.94,19,0
C1578,66,51,80.69,4,1,4.19,176,1
C1579,56,39,468.73,5,0,20.41,158,1
C1580,57,22,253.04,3,4,20.06,160,1
C1581,52,12,227.0,5,1,6.52,78,0
C1582,51,24,146.9,6,1,72.6,120,0
C1583,64,47,130.92,3,2,38.0,79,0
C1584,41,40,196.68,7,1,88.44,76,0
C1585,39,38,293.65,4,1,25.22,101,0
C1586,22,60,692.99,2,3,45.32,75,1
C1587,50,59,321.12,12,2,63.9,120,1
C1588,53,10,426.66,4,5,87.75,139,1
C1589,64,35,460.07,2,1,52.46,83,0
C1590,37,51,419.66,7,2,37.35,154,1
C1591,36,49,388.38,1,0,86.7,26,0
C1592,52,32,220.71,0,5,31.02,128,1
C1593,69,7,617.64,3,0,7.94,145,1
C1594,60,21,671.08,10,1,44.5,83,0
C1595,34,20,147.6,2,1,78.51,44,0
C1596,62,26,246.4,9,0,3.08,84,0
C1597,60,4,358.03,3,3,58.59,151,1
C1598,51,46,255.32,6,3,59.45,25,0
C1599,26,52,475.89,5,1,92.85,37,0
C1600,43,22,290.76,3,1,28.65,112,1
C1601,19,15,724.76,8,0,27.88,2,0
C1602,70,56,578.58,4,5,44.05,98,0
C1603,26,40,431.89,5,0,35.69,32,1
C1604,26,21,554.05,4,1,73.63,89,1
C1605,57,15,565.89,4,2,64.18,178,0
C1606,34,22,315.41,3,2,75.89,160,1
C1607,18,52,277.57,5,3,82.0,37,1
C1608,42,28,411.72,3,0,92.3,115,1
C1609,60,14,529.25,7,1,43.09,141,0
C1610,57,27,420.86,2,3,98.47,3,1
C1611,59,41,163.45,7,0,21.57,170,1
C1612,42,40,279.58,4,2,71.44,40,1
C1613,56,58,388.9,3,1,53.4,74,0
C1614,52,28,388.65,3,0,81.69,66,1
C1615,20,26,695.88,8,2,47.68,60,1
C1616,67,49,192.1,10,5,78.39,11,0
C1617,54,2,475.84,5,1,93.02,120,0
C1618,61,25,623.37,8,3,73.23,129,1
C1619,61,56,740.72,1,2,77.61,154,1
C1620,68,3,339.34,6,2,6.72,42,0
C1621,47,8,473.71,2,2,20.5,123,1
C1622,55,44,485.46,4,3,97.43,92,1
C1623,51,33,429.32,4,0,69.32,62,1
C1624,29,42,385.17,8,0,56.14,12,0
C1625,36,52,465.4,7,1,36.7,155,1
C1626,54,35,50.0,4,3,4.44,28,1
C1627,61,6,502.31,7,0,36.91,156,1
C1628,66,39,418.93,5,1,49.89,107,1
C1629,34,52,366.63,7,0,21.15,149,0
C1630,27,23,707.03,3,4,17.31,135,1
C1631,66,25,298.76,4,1,50.84,95,1
C1632,64,59,339.54,8,1,58.59,14,0
C1633,29,50,698.73,7,0,23.99,167,1
C1634,33,43,275.19,2,3,58.74,118,0
C1635,41,19,317.48,2,3,90.03,126,0
C1636,36,5,377.95,6,2,47.32,103,1
C1637,25,51,526.11,8,1,85.74,73,1
C1638,48,11,431.17,4,3,92.73,62,1
C1639,38,56,206.11,6,2,9.24,12,0
C1640,34,12,320.17,8,3,9.58,38,1
C1641,40,10,308.9,6,2,47.6,39,1
C1642,54,8,388.42,4,0,58.81,86,1
C1643,33,24,463.88,6,2,42.59,4,0
C1644,23,60,462.73,6,2,32.65,48,1
C1645,25,28,133.6,4,2,64.1,135,1
C1646,42,41,559.59,4,3,0.21,60,1
C1647,35,36,437.89,5,1,96.81,168,1
C1648,42,37,607.68,9,1,23.21,8,0
C1649,29,21,466.63,5,1,91.71,124,1
C1650,32,8,565.2,6,2,10.9,116,0
C1651,43,55,469.98,9,2,23.81,58,0
C1652,58,9,601.93,3,1,23.49,35,0
C1653,62,47,478.34,10,0,99.62,73,1
C1654,43,15,385.31,7,2,0.46,115,0
C1655,64,48,740.87,6,0,63.96,13,0
C1656,49,46,533.36,5,0,86.97,39,0
C1657,27,40,486.06,5,2,67.23,84,1
C1658,33,18,208.55,9,0,36.27,21,0
C1659,24,42,206.75,7,0,95.83,47,0
C1660,34,60,443.91,7,1,89.35,2,0
C1661,40,20,421.83,5,1,43.4,44,1
C1662,43,6,307.88,2,3,57.33,30,1
C1663,38,12,421.15,5,0,96.75,128,0
C1664,39,2,638.29,4,3,98.26,55,0
C1665,24,7,504.31,7,1,44.98,40,1
C1666,31,16,228.85,3,2,84.74,97,1
C1667,32,3,383.27,3,0,30.2,92,1
C1668,70,45,279.26,6,1,37.18,24,0
C1669,24,3,341.85,3,1,16.48,170,1
C1670,26,27,337.96,5,1,20.92,28,0
C1671,68,50,328.35,3,6,65.69,117,1
C1672,65,43,211.73,8,2,51.08,105,1
C1673,25,40,380.85,3,1,23.11,93,1
C1674,67,38,315.91,7,2,40.29,98,0
C1675,40,33,50.0,5,4,37.32,179,1
C1676,46,28,707.95,6,1,98.74,150,1
C1677,35,1,563.32,4,1,85.36,89,0
C1678,48,55,343.55,6,2,38.8,78,1
C1679,47,8,402.82,7,1,91.39,74,1
C1680,69,37,224.25,10,1,34.26,136,1
C1681,56,32,654.36,7,1,66.79,14,1
C1682,52,60,684.59,6,0,96.66,45,1
C1683,35,48,423.5,4,1,39.03,38,1
C1684,59,43,553.53,6,1,67.99,160,0
C1685,56,37,426.29,2,0,29.59,62,1
C1686,34,4,199.49,2,3,26.63,96,1
C1687,31,30,338.23,3,2,57.42,67,0
C1688,48,6,419.79,9,4,97.93,61,1
C1689,41,46,331.82,4,0,45.31,13,0
C1690,52,54,367.2,7,0,93.76,119,0
C1691,61,19,386.29,8,2,91.44,87,0
C1692,62,32,387.87,6,1,25.38,83,1
C1693,51,9,407.84,3,2,40.18,80,1
C1694,20,12,240.91,6,0,64.33,47,0
C1695,54,11,292.45,3,2,51.8,111,1
C1696,60,46,207.31,7,0,9.6,114,0
C1697,57,55,546.67,6,2,99.37,54,1
C1698,43,16,84.15,2,2,75.27,71,0
C1699,40,1,573.04,1,1,43.77,180,0
C1700,61,45,607.95,2,0,61.82,72,0
C1701,56,55,354.67,5,0,8.76,25,1
C1702,32,53,50.0,4,2,49.53,23,1
C1703,66,21,345.8,5,2,93.08,158,1
C1704,21,30,390.37,8,4,89.66,11,0
C1705,46,13,248.41,4,1,33.74,163,1
C1706,39,34,322.72,6,2,53.14,27,1
C1707,42,4,629.53,3,2,69.74,117,1
C1708,30,28,499.74,4,0,34.0,67,1
C1709,35,38,261.32,8,2,6.49,47,1
C1710,50,58,160.36,5,0,50.54,178,1
C1711,33,31,350.95,7,1,60.16,8,0
C1712,62,59,367.98,2,0,0.58,77,1
C1713,59,55,474.43,5,3,9.56,170,1
C1714,61,27,319.7,10,2,20.73,67,1
C1715,19,5,476.72,4,4,34.81,148,1
C1716,52,25,690.27,5,2,54.11,173,0
C1717,59,3,522.33,3,1,29.38,35,1
C1718,51,33,392.79,3,0,27.62,77,0
C1719,47,4,372.53,8,0,86.93,148,1
C1720,30,25,346.5,3,1,14.51,24,0
C1721,30,20,577.1,7,1,49.55,55,0
C1722,35,34,305.9,8,1,95.28,137,0
C1723,49,26,406.78,4,4,62.5,94,1
C1724,49,5,407.68,5,0,71.72,144,1
C1725,52,35,324.73,6,2,43.12,58,0
C1726,56,28,194.13,1,2,1.99,64,1
C1727,63,29,448.45,2,0,64.61,76,0
C1728,69,9,390.85,3,1,63.19,115,0
C1729,46,52,475.04,4,1,11.04,49,0
C1730,66,38,319.96,4,0,46.22,29,1
C1731,46,50,583.12,4,1,91.53,118,1
C1732,70,6,268.48,3,2,20.51,82,1
C1733,61,19,656.81,5,1,46.11,7,0
C1734,33,60,137.85,5,2,46.11,77,0
C1735,61,44,465.22,2,3,81.08,122,1
C1736,64,57,471.31,6,0,82.46,69,1
C1737,27,11,280.67,3,3,75.93,90,0
C1738,47,2,463.66,4,0,36.55,2,0
C1739,42,47,591.93,3,2,7.2,161,1
C1740,56,44,67.48,6,0,34.95,176,0
C1741,37,44,475.41,4,2,67.98,37,1
C1742,22,9,50.0,1,2,70.27,89,1
C1743,18,21,255.15,9,4,96.5,127,0
C1744,47,24,644.37,7,3,45.36,103,1
C1745,66,34,312.73,5,2,63.24,30,1
C1746,20,22,223.92,4,0,53.92,41,0
C1747,62,3,370.31,2,2,15.06,4,1
C1748,31,12,710.19,4,3,46.12,83,1
C1749,47,28,125.25,5,1,54.48,111,0
C1750,67,30,242.3,4,1,95.07,167,1
C1751,21,26,624.61,6,2,36.65,24,1
C1752,35,48,678.66,3,1,98.01,50,0
C1753,54,21,384.49,7,2,54.23,37,1
C1754,42,28,214.14,5,0,24.25,25,0
C1755,65,56,714.38,6,0,19.17,93,0
C1756,18,26,639.17,7,1,14.17,125,0
C1757,70,33,501.84,2,0,45.29,31,1
C1758,63,21,278.14,6,1,2.19,92,0
C1759,32,35,392.65,4,0,44.5,38,0
C1760,26,52,375.95,6,1,98.84,127,0
C1761,32,34,449.63,3,2,67.01,58,1
C1762,66,41,617.65,6,3,75.98,114,0
C1763,41,51,531.91,8,1,11.9,50,1
C1764,21,47,238.39,3,3,47.31,132,1
C1765,29,18,606.47,7,0,28.62,92,0
C1766,54,58,446.97,15,3,89.41,180,1
C1767,54,11,503.06,7,2,18.13,159,0
C1768,60,57,619.98,6,0,45.87,78,1
C1769,23,23,233.26,3,1,58.8,142,1
C1770,56,48,394.63,2,2,51.4,129,1
C1771,63,22,320.28,5,3,83.02,43,1
C1772,41,17,164.82,6,2,23.15,118,1
C1773,28,5,452.01,6,1,37.74,59,0
C1774,30,44,776.73,4,1,79.21,61,1
C1775,51,11,123.99,1,1,52.81,41,0
C1776,42,30,395.16,6,1,40.21,18,1
C1777,24,15,496.08,8,4,2.94,79,0
C1778,69,27,418.46,2,1,75.34,170,1
C1779,21,35,383.03,2,0,97.22,164,0
C1780,25,33,205.12,2,6,62.03,168,1
C1781,37,20,434.92,5,1,85.65,30,1
C1782,46,16,286.49,7,0,51.69,102,0
C1783,70,34,71.51,7,2,23.17,11,1
C1784,68,2,579.19,9,1,1.44,124,0
C1785,62,35,543.76,4,5,65.34,153,1
C1786,63,40,407.75,7,2,49.31,173,1
C1787,27,56,434.36,5,1,78.21,179,0
C1788,60,28,561.15,7,3,69.47,171,0
C1789,51,47,433.65,7,0,98.8,66,1
C1790,43,39,535.6,3,1,51.03,99,0
C1791,58,6,355.38,5,2,42.72,175,1
C1792,66,9,596.8,5,1,28.67,24,0
C1793,20,20,448.12,5,4,47.69,77,1
C1794,23,60,429.11,5,2,87.29,165,1
C1795,22,1,209.49,8,1,4.24,128,1
C1796,22,8,443.04,2,2,97.79,94,1
C1797,64,55,275.21,6,2,99.33,87,0
C1798,40,23,304.26,6,1,59.78,124,1
C1799,66,3,277.69,6,1,33.15,46,1
C1800,26,4,240.06,1,3,22.3,156,0
C1801,52,58,718.72,10,2,27.65,93,0
C1802,37,25,599.7,5,0,5.01,180,1
C1803,66,47,688.06,3,2,47.51,15,0
C1804,59,38,216.57,0,3,5.73,173,1
C1805,52,15,410.69,7,1,71.85,58,1
C1806,67,21,205.97,4,2,37.19,72,0
C1807,35,35,295.65,6,1,19.94,98,1
C1808,34,57,262.28,4,1,54.49,73,0
C1809,41,53,585.94,2,1,97.38,81,1
C1810,20,53,340.57,4,3,69.51,169,1
C1811,49,46,560.26,9,1,49.17,65,0
C1812,52,52,490.62,4,4,77.69,168,1
C1813,55,14,745.55,5,1,73.75,5,1
C1814,30,36,178.08,8,4,89.17,28,0
C1815,64,12,588.88,2,2,20.47,38,0
C1816,42,17,571.97,2,1,85.89,81,1
C1817,26,39,253.99,5,1,30.1,87,0
C1818,21,9,551.07,4,1,94.1,146,1
C1819,31,35,450.42,8,2,28.11,37,0
C1820,54,60,365.88,6,2,92.68,155,0
C1821,51,13,276.41,9,2,96.38,25,1
C1822,28,15,292.13,7,2,14.55,83,0
C1823,58,18,707.47,2,2,97.45,27,0
C1824,20,51,400.1,8,1,8.57,77,1
C1825,45,33,517.32,3,2,21.86,135,1
C1826,46,6,281.37,5,0,44.42,90,1
C1827,26,59,283.02,4,1,99.36,27,1
C1828,20,27,562.3,5,2,48.86,122,0
C1829,42,23,197.56,4,2,55.04,59,1
C1830,51,59,337.72,8,3,69.44,72,0
C1831,29,27,405.1,0,0,96.83,159,1
C1832,59,34,416.71,7,2,78.34,91,1
C1833,26,56,373.14,4,0,22.42,68,1
C1834,32,46,459.37,5,4,30.3,106,0
C1835,57,38,503.93,2,2,9.76,4,0
C1836,42,14,510.2,3,1,64.45,146,1
C1837,22,36,252.13,3,2,18.07,63,0
C1838,28,53,357.38,1,0,25.74,87,0
C1839,51,8,579.21,3,0,88.81,180,1
C1840,41,35,534.2,4,3,32.68,111,1
C1841,32,19,194.07,4,1,56.66,173,1
C1842,55,30,452.72,7,0,39.76,140,1
C1843,25,14,103.27,9,1,7.4,136,0
C1844,22,59,407.04,1,0,36.29,22,1
C1845,65,20,684.67,3,0,40.81,91,1
C1846,43,49,257.82,5,4,89.57,169,1
C1847,35,25,274.85,1,1,32.45,116,1
C1848,23,40,514.6,3,5,37.92,41,1
C1849,54,24,168.58,5,2,78.29,81,1
C1850,65,14,305.09,7,2,75.9,123,0
C1851,30,26,489.47,4,1,79.83,57,1
C1852,45,38,304.86,6,1,95.38,160,0
C1853,22,23,364.6,4,3,79.56,127,1
C1854,30,22,511.63,3,0,40.76,95,1
C1855,34,48,463.23,5,1,82.15,55,0
C1856,67,57,440.02,4,2,50.87,6,0
C1857,57,19,349.13,4,0,27.77,167,0
C1858,62,46,455.51,4,0,30.29,9,0
C1859,49,51,381.44,5,0,22.38,32,0
C1860,46,3,468.67,4,1,14.5,164,0
C1861,68,42,325.46,8,1,18.45,128,1
C1862,20,19,372.61,3,0,6.32,16,1
C1863,57,9,251.51,5,1,88.85,140,1
C1864,51,28,394.75,4,2,93.1,41,0
C1865,57,20,278.35,3,2,58.68,137,1
C1866,44,45,232.89,5,0,84.05,125,0
C1867,30,7,438.8,5,1,18.36,17,1
C1868,62,14,431.91,5,2,90.17,110,0
C1869,50,9,517.43,2,3,50.64,133,0
C1870,23,59,335.33,4,1,6.72,26,0
C1871,41,60,461.21,4,5,14.13,129,1
C1872,36,55,482.62,7,1,30.9,1,0
C1873,33,57,466.72,2,1,4.36,35,0
C1874,57,60,276.15,3,1,30.93,9,0
C1875,45,19,422.4,4,0,5.99,87,0
C1876,50,47,454.62,5,2,23.6,38,1
C1877,65,52,401.08,7,1,26.57,4,0
C1878,58,14,87.03,5,1,99.44,52,0
C1879,30,56,424.07,3,0,23.55,147,1
C1880,60,38,731.88,2,2,23.92,5,1
C1881,62,53,345.99,5,2,68.68,106,1
C1882,42,36,290.79,7,0,85.94,48,1
C1883,70,40,456.0,5,1,38.71,87,0
C1884,59,17,446.86,5,3,87.56,38,1
C1885,53,30,578.91,7,1,34.01,52,0
C1886,44,9,211.32,7,2,19.7,87,0
C1887,55,33,509.71,10,1,32.96,46,0
C1888,24,56,488.56,4,0,60.94,93,0
C1889,22,52,378.68,4,3,36.71,137,1
C1890,60,25,450.8,0,1,67.29,50,1
C1891,62,14,554.42,3,2,23.69,66,0
C1892,68,11,530.85,3,8,70.1,38,1
C1893,48,53,228.55,2,0,34.74,155,0
C1894,40,35,523.02,9,3,45.59,105,1
C1895,59,41,390.3,8,3,55.77,148,1
C1896,27,59,410.93,8,2,68.62,16,1
C1897,49,14,410.98,4,1,23.87,79,0
C1898,60,30,377.46,10,0,83.59,13,0
C1899,70,41,578.76,3,1,72.18,114,1
C1900,47,4,387.44,2,0,23.41,102,1
C1901,56,59,232.07,2,3,97.5,148,1
C1902,48,4,340.97,2,5,66.48,152,1
C1903,35,28,426.8,6,1,45.24,178,1
C1904,53,8,584.38,2,1,15.75,135,0
C1905,19,2,490.46,9,0,53.32,87,1
C1906,31,41,272.42,8,0,16.48,88,1
C1907,30,46,772.78,4,1,42.95,29,1
C1908,46,22,439.72,4,2,40.87,133,0
C1909,29,41,591.31,3,1,71.99,107,1
C1910,56,56,377.24,9,2,19.24,163,1
C1911,19,55,480.0,10,2,82.19,65,0
C1912,49,16,525.92,5,2,32.61,100,0
C1913,30,29,582.73,5,1,44.4,115,1
C1914,63,49,558.61,9,1,77.23,87,1
C1915,44,48,530.83,2,2,62.54,74,0
C1916,66,30,352.74,5,1,30.8,135,1
C1917,58,12,314.24,5,1,38.62,172,0
C1918,34,35,449.89,8,3,30.58,13,0
C1919,57,11,539.97,6,1,59.48,94,1
C1920,48,46,366.59,6,3,33.26,78,1
C1921,51,50,559.78,7,1,72.57,124,1
C1922,41,21,617.89,5,2,57.98,125,1
C1923,62,21,262.55,5,3,14.57,38,0
C1924,52,5,274.46,7,0,31.03,13,0
C1925,65,48,378.94,4,1,22.14,54,0
C1926,23,20,446.14,4,2,39.03,106,0
C1927,36,37,321.31,6,2,51.6,44,0
C1928,47,3,602.83,6,1,50.68,141,1
C1929,24,44,463.61,4,3,75.45,153,0
C1930,27,33,405.92,3,1,18.92,24,1
C1931,58,53,184.61,3,4,94.65,124,1
C1932,49,9,202.63,10,2,34.28,29,1
C1933,51,9,442.15,6,4,30.02,146,0
C1934,45,4,80.11,6,1,68.52,92,1
C1935,32,35,551.9,4,1,80.55,5,0
C1936,47,17,376.28,1,2,37.85,146,1
C1937,54,34,886.46,5,1,74.68,125,1
C1938,46,24,746.19,7,2,88.37,165,0
C1939,39,32,372.78,4,3,76.68,71,1
C1940,21,1,384.05,3,4,3.42,99,1
C1941,37,8,549.34,5,1,82.74,12,1
C1942,49,45,655.48,7,1,77.45,52,1
C1943,53,23,154.3,9,0,66.93,46,1
C1944,67,47,132.04,2,0,76.0,104,1
C1945,21,40,306.69,6,1,97.94,44,1
C1946,44,12,487.41,2,1,43.11,152,0
C1947,34,54,474.53,3,2,6.72,9,0
C1948,29,12,560.47,5,0,46.09,140,0
C1949,39,46,220.05,3,1,4.64,100,0
C1950,34,47,52.58,4,2,29.43,137,1
C1951,27,15,528.7,5,1,58.69,103,0
C1952,18,41,275.77,4,2,30.96,110,0
C1953,39,19,97.23,5,2,68.54,116,0
C1954,43,26,421.76,2,1,82.2,22,1
C1955,35,52,518.98,4,4,42.04,145,1
C1956,67,29,381.69,5,1,90.01,161,0
C1957,31,22,331.32,6,3,7.98,175,0
C1958,64,40,376.1,10,3,84.01,88,0
C1959,46,21,344.41,5,0,82.86,143,0
C1960,29,51,197.79,6,5,32.2,33,0
C1961,53,38,292.8,7,3,29.87,15,0
C1962,52,20,478.19,4,1,30.51,27,0
C1963,69,57,448.25,7,1,81.14,112,1
C1964,29,29,425.21,6,2,83.17,82,1
C1965,24,51,250.73,2,3,32.97,48,1
C1966,46,4,372.77,3,1,59.26,8,0
C1967,28,55,73.44,4,1,13.89,134,1
C1968,50,7,426.77,4,0,46.88,118,0
C1969,23,28,614.33,5,0,99.88,84,1
C1970,64,28,178.88,7,1,15.88,2,0
C1971,32,4,312.11,3,0,94.76,150,0
C1972,49,22,449.37,3,0,82.43,118,0
C1973,68,12,587.93,6,1,97.22,21,0
C1974,28,45,332.77,3,0,17.96,134,1
C1975,40,3,296.16,9,2,21.35,123,1
C1976,43,22,104.66,7,3,1.69,96,1
C1977,51,44,415.52,5,2,72.47,13,0
C1978,63,2,706.31,6,1,64.41,1,1
C1979,51,24,441.6,6,3,17.81,150,0
C1980,46,34,396.66,3,1,79.11,117,0
C1981,21,27,448.31,8,4,29.92,152,1
C1982,34,55,398.34,10,1,13.5,64,0
C1983,52,41,278.05,6,1,42.26,169,1
C1984,30,1,523.49,7,2,9.1,150,1
C1985,58,8,433.86,2,3,26.32,61,0
C1986,56,23,402.64,5,0,37.13,108,0
C1987,32,38,253.7,8,1,85.19,12,1
C1988,46,6,595.53,6,0,79.25,90,0
C1989,46,22,499.71,2,1,44.28,132,0
C1990,28,25,317.06,3,2,72.46,83,1
C1991,69,18,550.27,10,2,56.86,128,1
C1992,49,17,325.36,3,2,34.08,140,1
C1993,19,12,282.7,4,4,72.59,33,0
C1994,64,6,286.04,9,1,68.35,149,1
C1995,31,26,134.34,2,2,61.91,128,1
C1996,37,27,470.73,5,0,61.8,100,0
C1997,39,8,125.33,1,1,68.3,106,1
C1998,28,19,215.73,5,3,38.45,72,1
C1999,44,60,88.66,9,3,86.91,74,0
C2000,20,42,387.09,2,0,16.23,96,0
